{
    "thresh_0": {
        "adm0": {
            "2": 71909.890625,
            "5": 209950.5,
            "10": 309594.34375,
            "20": 385594.625,
            "25": 415831.875,
            "50": 523652.03125,
            "75": 624984.1875,
            "100": 670405.8125,
            "150": 782880.125,
            "200": 890737.4375,
            "250": 934265.0625,
            "300": 967624.5,
            "400": 1028745.0,
            "500": 1205554.0,
            "600": 1242786.0,
            "700": 1310257.75,
            "800": 1330958.375,
            "900": 1423838.625,
            "1000": 1461753.75,
            "1500": 1505517.5
        },
        "adm1": {
            "0": {
                "2": 0.0,
                "5": 0.0,
                "10": 2.9172,
                "20": 13.104,
                "25": 13.104,
                "50": 107.936401,
                "75": 107.936401,
                "100": 111.212402,
                "150": 145.860001,
                "200": 145.860001,
                "250": 145.860001,
                "300": 164.858917,
                "400": 196.887604,
                "500": 196.887604,
                "600": 288.802795,
                "700": 290.844849,
                "800": 351.230896,
                "900": 408.270721,
                "1000": 409.843201,
                "1500": 438.594025
            },
            "Ahafo": {
                "2": 0.0,
                "5": 1362.816284,
                "10": 4001.604004,
                "20": 5999.776855,
                "25": 6666.636719,
                "50": 10922.166016,
                "75": 12800.301758,
                "100": 13783.841797,
                "150": 15103.441406,
                "200": 15949.255859,
                "250": 16811.382812,
                "300": 17259.296875,
                "400": 18160.082031,
                "500": 18995.839844,
                "600": 19636.322266,
                "700": 20218.166016,
                "800": 20510.339844,
                "900": 21734.177734,
                "1000": 22913.894531,
                "1500": 25088.15625
            },
            "Ashanti": {
                "2": 304.66803,
                "5": 14534.601562,
                "10": 51418.863281,
                "20": 80524.351562,
                "25": 90393.445312,
                "50": 126087.609375,
                "75": 146164.3125,
                "100": 165549.8125,
                "150": 200739.4375,
                "200": 211847.171875,
                "250": 226759.296875,
                "300": 243762.328125,
                "400": 291775.46875,
                "500": 316811.375,
                "600": 319809.28125,
                "700": 322244.5,
                "800": 326482.34375,
                "900": 332153.6875,
                "1000": 342584.90625,
                "1500": 493381.9375
            },
            "Bono": {
                "2": 0.0,
                "5": 3595.691162,
                "10": 5320.34082,
                "20": 7969.333984000001,
                "25": 8939.294922,
                "50": 13106.705078,
                "75": 14501.743163999998,
                "100": 15448.611328,
                "150": 17368.240234,
                "200": 18892.410156,
                "250": 19652.695312,
                "300": 20011.789062,
                "400": 21324.787109,
                "500": 22122.691406,
                "600": 22706.222656,
                "700": 22842.529297,
                "800": 23725.814453,
                "900": 24510.191406,
                "1000": 24632.550781,
                "1500": 25741.863281
            },
            "Bono East": {
                "2": 530.712097,
                "5": 3634.025391,
                "10": 8275.416016,
                "20": 12178.223633,
                "25": 13253.133789,
                "50": 17611.007812,
                "75": 19728.710938,
                "100": 21070.144531,
                "150": 22910.65625,
                "200": 23811.587891,
                "250": 24339.082031,
                "300": 24738.21875,
                "400": 25291.697266,
                "500": 25880.582031,
                "600": 26377.552734,
                "700": 26495.216797,
                "800": 26600.361328,
                "900": 26944.09375,
                "1000": 27483.435547000005,
                "1500": 28888.132812
            },
            "Central": {
                "2": 0.0,
                "5": 14565.643555,
                "10": 25234.976562,
                "20": 31075.203125,
                "25": 33856.191406,
                "50": 44191.859375,
                "75": 50173.042969,
                "100": 58127.242188,
                "150": 62959.554688,
                "200": 74372.023438,
                "250": 78218.585938,
                "300": 87542.507812,
                "400": 94731.265625,
                "500": 99930.234375,
                "600": 100293.976562,
                "700": 100899.398438,
                "800": 108349.65625,
                "900": 113243.02343800002,
                "1000": 114249.44531199998,
                "1500": 120339.296875
            },
            "Centrale": {
                "2": 0.0,
                "5": 0.0,
                "10": 0.0,
                "20": 0.0,
                "25": 0.0,
                "50": 0.0,
                "75": 0.0,
                "100": 0.0,
                "150": 0.0,
                "200": 0.0,
                "250": 0.0,
                "300": 0.0,
                "400": 0.0,
                "500": 0.0,
                "600": 0.0,
                "700": 0.0,
                "800": 0.0,
                "900": 0.0,
                "1000": 3.276,
                "1500": 3.276
            },
            "Centre-est": {
                "2": 0.0,
                "5": 0.0,
                "10": 45.864002,
                "20": 184.626007,
                "25": 184.626007,
                "50": 187.902008,
                "75": 201.006012,
                "100": 214.110016,
                "150": 250.146027,
                "200": 302.5620120000001,
                "250": 369.252014,
                "300": 369.252014,
                "400": 369.252014,
                "500": 369.252014,
                "600": 369.252014,
                "700": 369.252014,
                "800": 372.528015,
                "900": 372.528015,
                "1000": 372.528015,
                "1500": 385.632019
            },
            "Centre-ouest": {
                "2": 0.0,
                "5": 0.0,
                "10": 13.104,
                "20": 75.348,
                "25": 75.348,
                "50": 75.348,
                "75": 78.623993,
                "100": 104.832001,
                "150": 146.306152,
                "200": 212.940002,
                "250": 242.423996,
                "300": 301.326477,
                "400": 324.324005,
                "500": 353.808014,
                "600": 379.884979,
                "700": 400.982422,
                "800": 418.934906,
                "900": 429.156036,
                "1000": 455.363983,
                "1500": 552.661255
            },
            "Centre-sud": {
                "2": 0.0,
                "5": 0.0,
                "10": 402.948029,
                "20": 871.416199,
                "25": 874.6922,
                "50": 1195.740234,
                "75": 1490.580322,
                "100": 1624.896362,
                "150": 1758.8536379999996,
                "200": 1844.388428,
                "250": 1864.044434,
                "300": 1879.245117,
                "400": 2037.672485,
                "500": 2096.639893,
                "600": 2104.829102,
                "700": 2172.186523,
                "800": 2290.487305,
                "900": 2291.046143,
                "1000": 2304.150146,
                "1500": 2448.293457
            },
            "Eastern": {
                "2": 144.144012,
                "5": 12122.150391,
                "10": 20217.527344,
                "20": 37655.710938,
                "25": 40090.996094,
                "50": 54522.94140599999,
                "75": 66725.65625,
                "100": 73628.6875,
                "150": 86821.796875,
                "200": 96180.929688,
                "250": 99178.132812,
                "300": 103860.664062,
                "400": 115208.828125,
                "500": 138045.625,
                "600": 139637.484375,
                "700": 143109.203125,
                "800": 145615.75,
                "900": 146690.03125,
                "1000": 155108.5625,
                "1500": 188620.0
            },
            "Greater Accra": {
                "2": 0.0,
                "5": 22171.939453,
                "10": 84388.46875,
                "20": 180570.9375,
                "25": 219972.1875,
                "50": 300735.71875,
                "75": 324557.125,
                "100": 397083.84375,
                "150": 415255.8125,
                "200": 467479.53125,
                "250": 538408.6875,
                "300": 567532.8125,
                "400": 632617.3125,
                "500": 752832.75,
                "600": 762381.8125,
                "700": 768823.1875,
                "800": 770558.3125,
                "900": 782010.5625,
                "1000": 788298.375,
                "1500": 1266966.0
            },
            "Kara": {
                "2": 0.0,
                "5": 0.0,
                "10": 36.036003,
                "20": 383.291992,
                "25": 383.291992,
                "50": 389.843994,
                "75": 399.671997,
                "100": 399.671997,
                "150": 419.328003,
                "200": 419.328003,
                "250": 419.328003,
                "300": 419.328003,
                "400": 419.328003,
                "500": 419.328003,
                "600": 422.604004,
                "700": 422.604004,
                "800": 422.604004,
                "900": 422.604004,
                "1000": 422.604004,
                "1500": 455.364014
            },
            "Keta Lagoon (Volta Region)": {
                "2": 0.0,
                "5": 0.0,
                "10": 0.0,
                "20": 6.5520000000000005,
                "25": 6.5520000000000005,
                "50": 6.5520000000000005,
                "75": 6.5520000000000005,
                "100": 6.5520000000000005,
                "150": 6.5520000000000005,
                "200": 9.828,
                "250": 9.828,
                "300": 12.3864,
                "400": 22.931999,
                "500": 22.931999,
                "600": 22.931999,
                "700": 22.931999,
                "800": 22.931999,
                "900": 22.931999,
                "1000": 22.931999,
                "1500": 26.208
            },
            "Lake Volta and Volta River": {
                "2": 121.212006,
                "5": 1913.776978,
                "10": 3629.797119,
                "20": 4540.51709,
                "25": 4799.322265999999,
                "50": 5592.701172,
                "75": 5969.435059,
                "100": 6244.01709,
                "150": 7523.776367,
                "200": 7685.444336,
                "250": 7754.271484000001,
                "300": 7903.768555,
                "400": 8284.977539,
                "500": 8989.311523,
                "600": 9248.111328,
                "700": 9500.360352,
                "800": 9759.689453,
                "900": 9925.061523,
                "1000": 9932.791016,
                "1500": 11128.19043
            },
            "Maritime": {
                "2": 0.0,
                "5": 0.0,
                "10": 3.276,
                "20": 3.276,
                "25": 3.276,
                "50": 6.5520000000000005,
                "75": 6.5520000000000005,
                "100": 6.5520000000000005,
                "150": 6.5520000000000005,
                "200": 6.5520000000000005,
                "250": 16.380001,
                "300": 16.380001,
                "400": 39.312,
                "500": 55.692001,
                "600": 55.692001,
                "700": 55.692001,
                "800": 55.692001,
                "900": 55.692001,
                "1000": 55.692001,
                "1500": 98.279999
            },
            "North East": {
                "2": 0.0,
                "5": 3135.1252440000007,
                "10": 10334.102539,
                "20": 17143.439453,
                "25": 19503.003906,
                "50": 25669.240234,
                "75": 28679.240234,
                "100": 31705.511719,
                "150": 34602.496094,
                "200": 38207.457031,
                "250": 39624.34375,
                "300": 41628.273438,
                "400": 43629.789062,
                "500": 43973.75,
                "600": 44449.921875,
                "700": 45240.609375,
                "800": 45692.511719,
                "900": 45767.484375,
                "1000": 46204.804688,
                "1500": 47941.636719
            },
            "Northern": {
                "2": 642.096069,
                "5": 10568.814453,
                "10": 25436.960938,
                "20": 41710.121094,
                "25": 44052.414062,
                "50": 57776.94140599999,
                "75": 67647.554688,
                "100": 74798.140625,
                "150": 79872.210938,
                "200": 86841.585938,
                "250": 88596.28125,
                "300": 93210.335938,
                "400": 96719.617188,
                "500": 98418.296875,
                "600": 104311.71875,
                "700": 107553.83593800002,
                "800": 108777.69531199998,
                "900": 111239.359375,
                "1000": 111962.828125,
                "1500": 122171.52343800002
            },
            "Oti": {
                "2": 301.392029,
                "5": 2371.82251,
                "10": 6440.600098,
                "20": 8484.817383,
                "25": 9307.094727,
                "50": 11990.140625,
                "75": 13239.34082,
                "100": 14063.850586000002,
                "150": 15030.269531,
                "200": 16019.646484,
                "250": 16019.646484,
                "300": 17893.507812,
                "400": 17949.208984,
                "500": 19957.359375,
                "600": 20611.511719,
                "700": 21703.490234,
                "800": 22738.957031,
                "900": 23282.146484,
                "1000": 24461.855469,
                "1500": 31116.072266000006
            },
            "Plateaux": {
                "2": 0.0,
                "5": 3.276,
                "10": 16.380001,
                "20": 167.075989,
                "25": 173.628006,
                "50": 190.00798,
                "75": 301.392029,
                "100": 334.152008,
                "150": 337.428009,
                "200": 340.70401,
                "250": 350.531982,
                "300": 350.531982,
                "400": 350.531982,
                "500": 350.531982,
                "600": 358.1323240000001,
                "700": 362.653229,
                "800": 363.636017,
                "900": 366.51889,
                "1000": 366.912018,
                "1500": 393.119995
            },
            "Savanes": {
                "2": 0.0,
                "5": 29.483999,
                "10": 144.144012,
                "20": 242.423996,
                "25": 242.423996,
                "50": 337.42804,
                "75": 343.980042,
                "100": 343.980042,
                "150": 350.5320430000001,
                "200": 366.912018,
                "250": 366.912018,
                "300": 373.46402,
                "400": 373.46402,
                "500": 373.46402,
                "600": 373.46402,
                "700": 391.809631,
                "800": 399.672028,
                "900": 399.672028,
                "1000": 399.672028,
                "1500": 399.672028
            },
            "Savannah": {
                "2": 537.264038,
                "5": 6938.55127,
                "10": 15423.385742,
                "20": 22492.947266,
                "25": 24628.873047,
                "50": 28088.34375,
                "75": 30107.501952999995,
                "100": 31000.708984,
                "150": 31968.044922000005,
                "200": 32710.820312,
                "250": 33585.492188,
                "300": 33960.863281,
                "400": 34709.296875,
                "500": 34938.503906,
                "600": 35292.078125,
                "700": 35568.148438,
                "800": 35851.746094,
                "900": 36160.085938,
                "1000": 36393.113281,
                "1500": 36839.941406
            },
            "Sud Comoe": {
                "2": 0.0,
                "5": 0.0,
                "10": 206.388,
                "20": 2686.319336,
                "25": 2689.595215,
                "50": 2784.599121,
                "75": 2873.051025,
                "100": 2873.051025,
                "150": 2873.051025,
                "200": 2892.707275,
                "250": 2909.086914,
                "300": 2909.086914,
                "400": 2909.086914,
                "500": 3013.918457,
                "600": 3013.918457,
                "700": 3013.918457,
                "800": 4146.104492,
                "900": 5372.638672,
                "1000": 5372.638672,
                "1500": 5373.621582
            },
            "Sud-ouest": {
                "2": 0.0,
                "5": 0.0,
                "10": 0.0,
                "20": 16.379998999999998,
                "25": 16.379998999999998,
                "50": 32.759998,
                "75": 49.139999,
                "100": 49.139999,
                "150": 49.139999,
                "200": 49.139999,
                "250": 49.139999,
                "300": 49.139999,
                "400": 49.139999,
                "500": 49.139999,
                "600": 49.139999,
                "700": 49.139999,
                "800": 49.139999,
                "900": 49.139999,
                "1000": 49.139999,
                "1500": 49.139999
            },
            "Upper East": {
                "2": 0.0,
                "5": 1451.767456,
                "10": 16157.714844,
                "20": 30630.488281,
                "25": 35121.808594,
                "50": 46822.667969,
                "75": 55524.757812,
                "100": 62730.48046900001,
                "150": 69580.703125,
                "200": 74480.125,
                "250": 79229.5,
                "300": 81809.78125,
                "400": 87105.140625,
                "500": 92462.75,
                "600": 96428.65625,
                "700": 100426.492188,
                "800": 102025.484375,
                "900": 106294.710938,
                "1000": 113234.00781199998,
                "1500": 117096.625
            },
            "Upper West": {
                "2": 0.0,
                "5": 3066.323975,
                "10": 9321.938477,
                "20": 11858.201172,
                "25": 12596.958984,
                "50": 16516.902344,
                "75": 19817.023438,
                "100": 24269.953125,
                "150": 30217.042969,
                "200": 34210.753906,
                "250": 35751.976562,
                "300": 39469.757812,
                "400": 42460.339844,
                "500": 43267.726562,
                "600": 44453.585938,
                "700": 46091.84375,
                "800": 47445.324219,
                "900": 49639.304688,
                "1000": 51309.25,
                "1500": 55832.43359400001
            },
            "Volta": {
                "2": 0.0,
                "5": 10495.624023,
                "10": 63836.46484400001,
                "20": 82414.351562,
                "25": 86834.71875,
                "50": 96455.898438,
                "75": 104944.796875,
                "100": 111521.09375,
                "150": 123203.40625,
                "200": 132379.15625,
                "250": 141346.796875,
                "300": 141497.28125,
                "400": 144893.953125,
                "500": 149816.90625,
                "600": 150610.328125,
                "700": 152885.71875,
                "800": 157127.0625,
                "900": 161273.859375,
                "1000": 164413.234375,
                "1500": 171454.65625
            },
            "Western": {
                "2": 0.0,
                "5": 16137.579102000003,
                "10": 59108.98828099999,
                "20": 74218.28125,
                "25": 82452.546875,
                "50": 114312.640625,
                "75": 124048.63281199998,
                "100": 135705.09375,
                "150": 150251.328125,
                "200": 165862.578125,
                "250": 173250.0625,
                "300": 197718.1875,
                "400": 207640.515625,
                "500": 268115.625,
                "600": 273720.34375,
                "700": 328877.3125,
                "800": 348054.21875,
                "900": 387397.28125,
                "1000": 393588.6875,
                "1500": 394454.0
            },
            "Western North": {
                "2": 114.660004,
                "5": 5343.155272999999,
                "10": 21841.078125,
                "20": 30931.945312,
                "25": 34394.660156,
                "50": 43259.554688,
                "75": 45490.421875,
                "100": 47885.210938,
                "150": 54521.648438,
                "200": 58162.05078099999,
                "250": 64946.640625,
                "300": 66532.804688,
                "400": 67754.164062,
                "500": 69192.328125,
                "600": 71241.140625,
                "700": 75915.882812,
                "800": 76017.242188,
                "900": 76131.640625,
                "1000": 76229.414062,
                "1500": 78155.21875
            },
            "Zanzan": {
                "2": 0.0,
                "5": 6.5520000000000005,
                "10": 147.419998,
                "20": 150.695999,
                "25": 150.695999,
                "50": 229.320007,
                "75": 301.391998,
                "100": 301.391998,
                "150": 301.391998,
                "200": 380.015991,
                "250": 380.015991,
                "300": 442.063446,
                "400": 570.023987,
                "500": 570.023987,
                "600": 570.023987,
                "700": 570.023987,
                "800": 570.024048,
                "900": 702.636475,
                "1000": 720.719971,
                "1500": 720.719971
            }
        }
    },
    "thresh_1": {
        "adm0": {
            "2": 25194.488281,
            "5": 116214.984375,
            "10": 175954.640625,
            "20": 230323.265625,
            "25": 247081.859375,
            "50": 316032.6875,
            "75": 383724.40625,
            "100": 454082.96875,
            "150": 506901.90625,
            "200": 560841.4375,
            "250": 597209.125,
            "300": 632756.5625,
            "400": 677632.6875,
            "500": 714700.875,
            "600": 735341.8125,
            "700": 756095.25,
            "800": 775392.25,
            "900": 849224.6875,
            "1000": 871645.625,
            "1500": 962352.5
        },
        "adm1": {
            "0": {
                "2": 0.0,
                "5": 0.0,
                "10": 0.0,
                "20": 0.0,
                "25": 0.0,
                "50": 2.9172,
                "75": 3.276,
                "100": 3.276,
                "150": 12.0276,
                "200": 13.104,
                "250": 20.779202,
                "300": 132.965973,
                "400": 145.860001,
                "500": 145.860001,
                "600": 145.860001,
                "700": 145.860001,
                "800": 147.260254,
                "900": 151.34433,
                "1000": 151.694397,
                "1500": 175.615448
            },
            "Ahafo": {
                "2": 0.0,
                "5": 347.256012,
                "10": 1637.376343,
                "20": 3122.022949,
                "25": 3375.891846,
                "50": 5237.466309,
                "75": 6468.974609000001,
                "100": 6922.157715,
                "150": 7477.098145,
                "200": 8068.746094,
                "250": 8594.992188,
                "300": 8881.631836,
                "400": 9479.197266,
                "500": 10298.503906,
                "600": 10649.323242,
                "700": 10819.176758,
                "800": 11073.524414,
                "900": 11635.802734,
                "1000": 11717.933594,
                "1500": 12722.241211
            },
            "Ashanti": {
                "2": 6.5520000000000005,
                "5": 3449.998779,
                "10": 10020.412109,
                "20": 36264.390625,
                "25": 42692.925781,
                "50": 74474.304688,
                "75": 87608.210938,
                "100": 101292.992188,
                "150": 121958.39843800002,
                "200": 136596.109375,
                "250": 151550.078125,
                "300": 163653.25,
                "400": 178037.90625,
                "500": 197604.875,
                "600": 216052.046875,
                "700": 217611.21875,
                "800": 231397.34375,
                "900": 248371.859375,
                "1000": 256206.96875,
                "1500": 278678.59375
            },
            "Bono": {
                "2": 0.0,
                "5": 715.66571,
                "10": 1820.395264,
                "20": 3301.193115,
                "25": 3704.110107,
                "50": 6313.958008,
                "75": 7027.639648,
                "100": 7693.998047,
                "150": 8237.404297,
                "200": 8957.30957,
                "250": 9228.966797,
                "300": 9660.748047,
                "400": 10010.831055,
                "500": 10596.969727,
                "600": 10783.505859,
                "700": 10982.391602,
                "800": 11125.193359,
                "900": 11257.586914,
                "1000": 11284.37793,
                "1500": 12118.922852
            },
            "Bono East": {
                "2": 19.655998,
                "5": 1136.865723,
                "10": 5089.125,
                "20": 7231.026855,
                "25": 7932.186523,
                "50": 10262.685547,
                "75": 11572.176758,
                "100": 11971.794922,
                "150": 12383.319336,
                "200": 12661.671875,
                "250": 12808.216797,
                "300": 12974.375977,
                "400": 13287.135742,
                "500": 13591.945312,
                "600": 13792.966797,
                "700": 13824.865234,
                "800": 13873.395508,
                "900": 14044.139647999997,
                "1000": 14182.898438,
                "1500": 15116.374022999997
            },
            "Central": {
                "2": 0.0,
                "5": 4013.898193,
                "10": 11464.912109,
                "20": 22535.578125,
                "25": 23056.458984,
                "50": 28359.462891000006,
                "75": 32722.285156,
                "100": 36318.964844,
                "150": 42903.996094,
                "200": 46192.757812,
                "250": 50375.699219,
                "300": 54486.24609400001,
                "400": 60927.375,
                "500": 65437.34375,
                "600": 68297.0,
                "700": 71346.117188,
                "800": 72018.96875,
                "900": 72406.117188,
                "1000": 74079.414062,
                "1500": 79893.0625
            },
            "Centre-est": {
                "2": 0.0,
                "5": 0.0,
                "10": 39.312004,
                "20": 87.422409,
                "25": 97.250412,
                "50": 103.084808,
                "75": 129.292816,
                "100": 181.708817,
                "150": 184.775772,
                "200": 201.006012,
                "250": 206.169617,
                "300": 222.824173,
                "400": 227.21402,
                "500": 227.21402,
                "600": 233.766022,
                "700": 233.766022,
                "800": 240.373566,
                "900": 249.359772,
                "1000": 250.146027,
                "1500": 250.146027
            },
            "Centre-ouest": {
                "2": 0.0,
                "5": 0.0,
                "10": 0.0,
                "20": 3.276,
                "25": 6.5520000000000005,
                "50": 9.828,
                "75": 9.828,
                "100": 13.104,
                "150": 22.932003,
                "200": 29.484003,
                "250": 62.243996,
                "300": 85.17600300000002,
                "400": 88.452003,
                "500": 91.728004,
                "600": 95.004005,
                "700": 95.004005,
                "800": 98.280006,
                "900": 98.280006,
                "1000": 101.556007,
                "1500": 135.298813
            },
            "Centre-sud": {
                "2": 0.0,
                "5": 0.0,
                "10": 3.276,
                "20": 242.424011,
                "25": 262.080017,
                "50": 304.66803,
                "75": 383.292053,
                "100": 386.568054,
                "150": 485.929138,
                "200": 520.884033,
                "250": 550.368042,
                "300": 553.644043,
                "400": 632.268066,
                "500": 651.924072,
                "600": 664.765991,
                "700": 678.132141,
                "800": 685.739929,
                "900": 708.011108,
                "1000": 730.5481570000002,
                "1500": 892.7102050000002
            },
            "Eastern": {
                "2": 6.5520000000000005,
                "5": 2097.311035,
                "10": 13038.37207,
                "20": 16417.867188,
                "25": 17819.289062,
                "50": 25134.320312,
                "75": 28138.199219,
                "100": 32662.933594,
                "150": 39291.3125,
                "200": 47336.34375,
                "250": 56154.78125,
                "300": 63073.546875,
                "400": 71331.070312,
                "500": 88562.398438,
                "600": 93849.804688,
                "700": 97754.390625,
                "800": 100302.875,
                "900": 105045.648438,
                "1000": 105649.671875,
                "1500": 112591.984375
            },
            "Greater Accra": {
                "2": 0.0,
                "5": 16203.083984,
                "10": 31020.380859,
                "20": 89478.945312,
                "25": 114592.41406199998,
                "50": 172838.921875,
                "75": 208273.15625,
                "100": 232244.84375,
                "150": 279179.78125,
                "200": 314491.625,
                "250": 338049.78125,
                "300": 346202.75,
                "400": 394718.90625,
                "500": 456245.9375,
                "600": 481591.71875,
                "700": 511584.375,
                "800": 518891.46875,
                "900": 524340.5,
                "1000": 529934.5625,
                "1500": 587419.875
            },
            "Kara": {
                "2": 0.0,
                "5": 0.0,
                "10": 36.036003,
                "20": 373.463989,
                "25": 383.291992,
                "50": 383.291992,
                "75": 383.291992,
                "100": 393.119995,
                "150": 407.305084,
                "200": 416.052002,
                "250": 416.052002,
                "300": 419.328003,
                "400": 419.328003,
                "500": 419.328003,
                "600": 419.328003,
                "700": 419.328003,
                "800": 419.328003,
                "900": 419.328003,
                "1000": 419.328003,
                "1500": 419.328003
            },
            "Keta Lagoon (Volta Region)": {
                "2": 0.0,
                "5": 0.0,
                "10": 0.0,
                "20": 6.5520000000000005,
                "25": 6.5520000000000005,
                "50": 6.5520000000000005,
                "75": 6.5520000000000005,
                "100": 6.5520000000000005,
                "150": 6.5520000000000005,
                "200": 6.5520000000000005,
                "250": 6.5520000000000005,
                "300": 6.5520000000000005,
                "400": 6.5520000000000005,
                "500": 6.5520000000000005,
                "600": 6.5520000000000005,
                "700": 6.5520000000000005,
                "800": 6.5520000000000005,
                "900": 6.5520000000000005,
                "1000": 6.5520000000000005,
                "1500": 6.5520000000000005
            },
            "Lake Volta and Volta River": {
                "2": 16.380001,
                "5": 1648.421265,
                "10": 3167.885986,
                "20": 4229.30127,
                "25": 4429.728027,
                "50": 4937.508789,
                "75": 5536.807617,
                "100": 5802.3603520000015,
                "150": 6650.487305,
                "200": 7125.279297,
                "250": 7308.711426000002,
                "300": 7399.344238,
                "400": 7688.750977,
                "500": 7796.828125,
                "600": 7944.910645,
                "700": 8374.399414,
                "800": 8628.167969,
                "900": 8714.260742,
                "1000": 8766.542969,
                "1500": 9787.662109
            },
            "Maritime": {
                "2": 0.0,
                "5": 0.0,
                "10": 0.0,
                "20": 0.0,
                "25": 0.0,
                "50": 0.0,
                "75": 0.0,
                "100": 0.0,
                "150": 3.276,
                "200": 3.276,
                "250": 3.276,
                "300": 3.276,
                "400": 9.828,
                "500": 9.828,
                "600": 9.828,
                "700": 9.828,
                "800": 9.828,
                "900": 9.828,
                "1000": 9.828,
                "1500": 91.727997
            },
            "North East": {
                "2": 0.0,
                "5": 1015.560181,
                "10": 4412.746582,
                "20": 7295.583008,
                "25": 8419.271484,
                "50": 12075.901367,
                "75": 15805.052734,
                "100": 17441.542969,
                "150": 19412.59375,
                "200": 20331.730469,
                "250": 21162.875,
                "300": 21491.601562,
                "400": 22705.1875,
                "500": 23200.40625,
                "600": 23458.382812,
                "700": 23618.291016,
                "800": 23686.960938,
                "900": 23704.726562,
                "1000": 24093.667969,
                "1500": 24538.658203
            },
            "Northern": {
                "2": 13.104,
                "5": 3524.968018,
                "10": 8300.614258,
                "20": 15699.716797,
                "25": 18319.763672,
                "50": 24719.138672,
                "75": 28580.869141000006,
                "100": 31755.019531,
                "150": 35704.433594,
                "200": 39074.476562,
                "250": 40354.011719,
                "300": 42695.28125,
                "400": 45710.210938,
                "500": 48445.03125,
                "600": 51213.46875,
                "700": 52992.15625,
                "800": 53630.855469,
                "900": 54718.71875,
                "1000": 55253.703125,
                "1500": 58302.226562
            },
            "Oti": {
                "2": 0.0,
                "5": 737.100098,
                "10": 2339.062988,
                "20": 3885.331299,
                "25": 4209.655761999999,
                "50": 5552.807129,
                "75": 6519.228027,
                "100": 7272.700684,
                "150": 8115.609863,
                "200": 8809.141602,
                "250": 9185.880859,
                "300": 9872.665039,
                "400": 10748.536133,
                "500": 11262.866211,
                "600": 12015.294922,
                "700": 12311.84082,
                "800": 12896.010742,
                "900": 13822.200195,
                "1000": 15000.78418,
                "1500": 17815.863281
            },
            "Plateaux": {
                "2": 0.0,
                "5": 0.0,
                "10": 6.5520000000000005,
                "20": 160.524002,
                "25": 160.524002,
                "50": 173.628006,
                "75": 173.628006,
                "100": 186.73201,
                "150": 278.46002200000004,
                "200": 281.736023,
                "250": 285.012024,
                "300": 304.667999,
                "400": 311.220001,
                "500": 317.771973,
                "600": 330.876007,
                "700": 330.876007,
                "800": 335.724487,
                "900": 340.310883,
                "1000": 340.70401,
                "1500": 340.70401
            },
            "Savanes": {
                "2": 0.0,
                "5": 0.0,
                "10": 88.452003,
                "20": 242.423996,
                "25": 242.423996,
                "50": 324.324036,
                "75": 330.876038,
                "100": 330.876038,
                "150": 334.152039,
                "200": 334.152039,
                "250": 340.704041,
                "300": 347.256042,
                "400": 370.188019,
                "500": 370.188019,
                "600": 370.188019,
                "700": 370.188019,
                "800": 370.188019,
                "900": 370.188019,
                "1000": 370.188019,
                "1500": 370.188019
            },
            "Savannah": {
                "2": 13.104,
                "5": 2850.117188,
                "10": 9513.459961,
                "20": 19485.583984,
                "25": 19960.599609,
                "50": 24016.263672,
                "75": 25726.365234,
                "100": 26299.642578,
                "150": 27009.4375,
                "200": 27288.988281,
                "250": 27574.103516000006,
                "300": 27775.775391000006,
                "400": 28307.832031,
                "500": 28425.861327999995,
                "600": 28484.085938,
                "700": 28785.835938,
                "800": 28910.091797000005,
                "900": 29010.208984,
                "1000": 29064.595702999995,
                "1500": 29431.951172000005
            },
            "Sud Comoe": {
                "2": 0.0,
                "5": 0.0,
                "10": 0.0,
                "20": 2633.90332,
                "25": 2679.767334,
                "50": 2689.595215,
                "75": 2696.147217,
                "100": 2696.147217,
                "150": 2696.147217,
                "200": 2784.599121,
                "250": 2873.051025,
                "300": 2873.051025,
                "400": 2873.051025,
                "500": 2958.226807,
                "600": 2958.226807,
                "700": 2958.226807,
                "800": 3330.905029,
                "900": 4432.296875,
                "1000": 4628.987793,
                "1500": 4949.379395
            },
            "Sud-ouest": {
                "2": 0.0,
                "5": 0.0,
                "10": 0.0,
                "20": 0.0,
                "25": 0.0,
                "50": 16.379998999999998,
                "75": 32.759998,
                "100": 32.759998,
                "150": 32.759998,
                "200": 32.759998,
                "250": 32.759998,
                "300": 32.759998,
                "400": 32.759998,
                "500": 32.759998,
                "600": 32.759998,
                "700": 32.759998,
                "800": 32.759998,
                "900": 32.759998,
                "1000": 32.759998,
                "1500": 32.759998
            },
            "Upper East": {
                "2": 0.0,
                "5": 393.447632,
                "10": 1408.680298,
                "20": 9815.141602,
                "25": 11532.946289,
                "50": 15055.405272999997,
                "75": 18052.113281,
                "100": 21550.824219,
                "150": 25988.474609,
                "200": 28721.972656,
                "250": 30032.449219,
                "300": 31197.0625,
                "400": 33249.902344,
                "500": 35486.667969,
                "600": 37672.015625,
                "700": 38786.460938,
                "800": 40357.074219,
                "900": 40795.359375,
                "1000": 42184.054688,
                "1500": 44907.742188
            },
            "Upper West": {
                "2": 0.0,
                "5": 305.931641,
                "10": 2109.478271,
                "20": 5825.979492,
                "25": 6630.494629,
                "50": 8024.24707,
                "75": 8983.393555,
                "100": 11788.25293,
                "150": 15556.795897999997,
                "200": 16659.9375,
                "250": 17744.974609,
                "300": 18608.009766,
                "400": 19369.986328,
                "500": 20449.837891,
                "600": 21017.349609,
                "700": 21285.160156,
                "800": 21694.482422,
                "900": 22052.228516,
                "1000": 22501.927734,
                "1500": 23954.470703
            },
            "Volta": {
                "2": 0.0,
                "5": 4812.097168,
                "10": 58591.55078099999,
                "20": 72308.0,
                "25": 74185.804688,
                "50": 79665.09375,
                "75": 82996.8125,
                "100": 86609.4375,
                "150": 90514.21875,
                "200": 95664.382812,
                "250": 100208.820312,
                "300": 102880.125,
                "400": 105758.296875,
                "500": 108973.078125,
                "600": 115029.36718800002,
                "700": 116568.96093800002,
                "800": 117278.46875,
                "900": 117615.625,
                "1000": 117905.640625,
                "1500": 120553.515625
            },
            "Western": {
                "2": 0.0,
                "5": 7692.029297,
                "10": 42158.820312,
                "20": 53808.33203099999,
                "25": 58899.30859400001,
                "50": 69572.492188,
                "75": 80588.226562,
                "100": 87763.929688,
                "150": 100322.171875,
                "200": 110615.42968800002,
                "250": 117610.28906199998,
                "300": 125801.55468800002,
                "400": 157753.6875,
                "500": 166918.1875,
                "600": 199904.40625,
                "700": 244188.671875,
                "800": 256220.53125,
                "900": 294312.8125,
                "1000": 300121.25,
                "1500": 302100.40625
            },
            "Western North": {
                "2": 0.0,
                "5": 1461.096191,
                "10": 11803.413086,
                "20": 20416.0,
                "25": 21513.476562,
                "50": 26411.066406,
                "75": 28915.845702999995,
                "100": 30820.578125,
                "150": 33741.40625,
                "200": 35089.242188,
                "250": 36153.855469,
                "300": 38572.675781,
                "400": 40717.179688,
                "500": 42561.808594,
                "600": 45636.925781,
                "700": 47680.5625,
                "800": 48040.660156,
                "900": 48411.011719,
                "1000": 49648.070312,
                "1500": 51947.199219
            },
            "Zanzan": {
                "2": 0.0,
                "5": 0.0,
                "10": 42.587997,
                "20": 147.419998,
                "25": 147.419998,
                "50": 147.419998,
                "75": 147.419998,
                "100": 147.419998,
                "150": 147.419998,
                "200": 147.419998,
                "250": 147.419998,
                "300": 153.972,
                "400": 196.559998,
                "500": 304.667999,
                "600": 304.667999,
                "700": 304.667999,
                "800": 304.667999,
                "900": 304.667999,
                "1000": 304.667999,
                "1500": 304.667999
            }
        }
    },
    "thresh_2": {
        "adm0": {
            "2": 11128.246094,
            "5": 71735.796875,
            "10": 118205.328125,
            "20": 151357.5625,
            "25": 162723.0625,
            "50": 188015.03125,
            "75": 208855.5625,
            "100": 234614.25,
            "150": 274903.71875,
            "200": 307408.46875,
            "250": 326396.53125,
            "300": 337690.8125,
            "400": 354799.125,
            "500": 376935.09375,
            "600": 395068.375,
            "700": 404919.25,
            "800": 419989.53125,
            "900": 441869.03125,
            "1000": 466256.0625,
            "1500": 519316.90625
        },
        "adm1": {
            "0": {
                "2": 0.0,
                "5": 0.0,
                "10": 0.0,
                "20": 0.0,
                "25": 0.0,
                "50": 0.0,
                "75": 0.0,
                "100": 0.0,
                "150": 0.0,
                "200": 0.0,
                "250": 0.0,
                "300": 0.0,
                "400": 2.9172,
                "500": 2.9172,
                "600": 2.9172,
                "700": 3.16836,
                "800": 3.276,
                "900": 3.276,
                "1000": 3.276,
                "1500": 34.674129
            },
            "Ahafo": {
                "2": 0.0,
                "5": 117.936012,
                "10": 648.648071,
                "20": 1544.5251460000004,
                "25": 1654.3803710000002,
                "50": 2230.954102,
                "75": 2868.672363,
                "100": 3165.115967,
                "150": 3456.171631,
                "200": 3780.494873,
                "250": 4022.917725,
                "300": 4277.2661130000015,
                "400": 4435.691406,
                "500": 4612.5947270000015,
                "600": 4926.170897999999,
                "700": 5085.646973,
                "800": 5352.810547,
                "900": 5736.084961,
                "1000": 5791.946777,
                "1500": 6374.874511999999
            },
            "Ashanti": {
                "2": 0.0,
                "5": 554.860779,
                "10": 3734.633789,
                "20": 10321.980469,
                "25": 12440.766602,
                "50": 22129.835938,
                "75": 27376.8125,
                "100": 33644.203125,
                "150": 46925.800781,
                "200": 55496.09375,
                "250": 63377.96484400001,
                "300": 71640.0,
                "400": 79968.695312,
                "500": 88510.148438,
                "600": 98339.789062,
                "700": 100337.085938,
                "800": 111894.421875,
                "900": 121973.34375,
                "1000": 128274.515625,
                "1500": 145893.234375
            },
            "Bono": {
                "2": 0.0,
                "5": 281.377228,
                "10": 542.833313,
                "20": 811.917725,
                "25": 979.492737,
                "50": 2102.225098,
                "75": 2427.119385,
                "100": 2585.279053,
                "150": 2860.456299,
                "200": 2949.832031,
                "250": 3073.6489260000008,
                "300": 3205.470215,
                "400": 3458.582764,
                "500": 3621.999756,
                "600": 3671.410156,
                "700": 3725.994141,
                "800": 3919.85376,
                "900": 3991.528809,
                "1000": 4055.211426,
                "1500": 4265.400390999999
            },
            "Bono East": {
                "2": 0.0,
                "5": 366.194427,
                "10": 2617.520264,
                "20": 6205.940918,
                "25": 6327.15332,
                "50": 7563.896484000001,
                "75": 8157.932129000002,
                "100": 8402.541992,
                "150": 8640.880859,
                "200": 8795.672852,
                "250": 8910.323242,
                "300": 9019.600586,
                "400": 9231.375977,
                "500": 9520.432617,
                "600": 9651.731445,
                "700": 9685.097656,
                "800": 9732.477539,
                "900": 9757.229492,
                "1000": 9831.236328,
                "1500": 9952.498047
            },
            "Central": {
                "2": 0.0,
                "5": 1214.0546880000004,
                "10": 6312.837890999999,
                "20": 18932.005859,
                "25": 20140.857422,
                "50": 21687.101562,
                "75": 22656.537109,
                "100": 23376.166016,
                "150": 25577.574219,
                "200": 27671.091797000005,
                "250": 28952.519531,
                "300": 30735.376952999995,
                "400": 32806.863281,
                "500": 35210.691406,
                "600": 37330.054688,
                "700": 37968.0,
                "800": 38610.242188,
                "900": 39148.300781,
                "1000": 40107.59375,
                "1500": 42245.988281
            },
            "Centre-est": {
                "2": 0.0,
                "5": 0.0,
                "10": 22.932003,
                "20": 45.864002,
                "25": 54.662407,
                "50": 87.422409,
                "75": 87.422409,
                "100": 87.422409,
                "150": 96.826393,
                "200": 110.354416,
                "250": 116.18882,
                "300": 142.084808,
                "400": 148.948822,
                "500": 148.948822,
                "600": 148.948822,
                "700": 148.948822,
                "800": 148.948822,
                "900": 148.948822,
                "1000": 148.948822,
                "1500": 148.948822
            },
            "Centre-ouest": {
                "2": 0.0,
                "5": 0.0,
                "10": 0.0,
                "20": 0.0,
                "25": 0.0,
                "50": 0.0,
                "75": 6.5520000000000005,
                "100": 6.5520000000000005,
                "150": 6.5520000000000005,
                "200": 9.828,
                "250": 9.828,
                "300": 11.99016,
                "400": 16.380001,
                "500": 16.380001,
                "600": 16.380001,
                "700": 16.380001,
                "800": 16.380001,
                "900": 16.380001,
                "1000": 16.380001,
                "1500": 17.362801
            },
            "Centre-sud": {
                "2": 0.0,
                "5": 0.0,
                "10": 0.0,
                "20": 16.380001,
                "25": 16.380001,
                "50": 29.484001,
                "75": 29.484001,
                "100": 29.484001,
                "150": 58.968002,
                "200": 62.244003,
                "250": 72.072006,
                "300": 72.072006,
                "400": 81.900002,
                "500": 91.728004,
                "600": 110.073608,
                "700": 160.524017,
                "800": 196.560013,
                "900": 202.325775,
                "1000": 203.112015,
                "1500": 212.940018
            },
            "Eastern": {
                "2": 0.0,
                "5": 324.729645,
                "10": 9559.435547,
                "20": 11903.18457,
                "25": 12371.686523,
                "50": 13716.652344,
                "75": 14909.114258,
                "100": 15239.989258,
                "150": 18419.994141,
                "200": 18837.960938,
                "250": 19022.992188,
                "300": 20018.408203,
                "400": 23022.890625,
                "500": 30604.021484,
                "600": 32513.767577999995,
                "700": 34362.097656,
                "800": 36285.757812,
                "900": 39186.265625,
                "1000": 40945.742188,
                "1500": 45116.160156
            },
            "Greater Accra": {
                "2": 0.0,
                "5": 9932.817383,
                "10": 20605.998047,
                "20": 33883.429688,
                "25": 45795.453125,
                "50": 71087.039062,
                "75": 86239.648438,
                "100": 101577.859375,
                "150": 123559.4375,
                "200": 146647.0,
                "250": 163297.484375,
                "300": 170860.875,
                "400": 200859.96875,
                "500": 229400.40625,
                "600": 243330.09375,
                "700": 255489.359375,
                "800": 263160.75,
                "900": 267150.15625,
                "1000": 271290.4375,
                "1500": 303182.9375
            },
            "Kara": {
                "2": 0.0,
                "5": 0.0,
                "10": 36.036003,
                "20": 258.804016,
                "25": 353.8079830000001,
                "50": 383.291992,
                "75": 383.291992,
                "100": 383.291992,
                "150": 383.291992,
                "200": 389.843994,
                "250": 389.843994,
                "300": 389.843994,
                "400": 389.843994,
                "500": 402.947998,
                "600": 406.2239990000001,
                "700": 406.2239990000001,
                "800": 409.5,
                "900": 409.5,
                "1000": 409.5,
                "1500": 419.328003
            },
            "Keta Lagoon (Volta Region)": {
                "2": 0.0,
                "5": 0.0,
                "10": 0.0,
                "20": 6.5520000000000005,
                "25": 6.5520000000000005,
                "50": 6.5520000000000005,
                "75": 6.5520000000000005,
                "100": 6.5520000000000005,
                "150": 6.5520000000000005,
                "200": 6.5520000000000005,
                "250": 6.5520000000000005,
                "300": 6.5520000000000005,
                "400": 6.5520000000000005,
                "500": 6.5520000000000005,
                "600": 6.5520000000000005,
                "700": 6.5520000000000005,
                "800": 6.5520000000000005,
                "900": 6.5520000000000005,
                "1000": 6.5520000000000005,
                "1500": 6.5520000000000005
            },
            "Lake Volta and Volta River": {
                "2": 6.5520000000000005,
                "5": 1419.100952,
                "10": 2781.31958,
                "20": 3721.528076,
                "25": 4022.918213,
                "50": 4517.591797,
                "75": 4813.490234000001,
                "100": 5130.188965,
                "150": 5715.811035,
                "200": 6175.225098,
                "250": 6411.119629,
                "300": 6622.289551,
                "400": 6895.938965,
                "500": 7063.012695,
                "600": 7349.987793000001,
                "700": 7418.63623,
                "800": 7654.811523,
                "900": 7728.708984000001,
                "1000": 7764.09082,
                "1500": 8445.168945
            },
            "North East": {
                "2": 0.0,
                "5": 376.740051,
                "10": 2260.438232,
                "20": 3590.478271,
                "25": 4071.423828,
                "50": 5430.945801,
                "75": 6660.825195,
                "100": 8930.335938,
                "150": 10207.479492,
                "200": 10620.436523,
                "250": 10777.693359,
                "300": 11261.303711,
                "400": 11498.799805,
                "500": 11750.666992,
                "600": 11929.802734,
                "700": 12002.279297,
                "800": 12041.911133,
                "900": 12062.753906,
                "1000": 12088.482422,
                "1500": 12305.960938
            },
            "Northern": {
                "2": 0.0,
                "5": 1359.77417,
                "10": 4131.023438,
                "20": 5423.780761999999,
                "25": 5998.308594,
                "50": 8467.851562,
                "75": 9605.176758,
                "100": 10565.033203,
                "150": 12010.469727,
                "200": 12704.298828,
                "250": 13112.050781,
                "300": 14363.751953,
                "400": 15500.573242,
                "500": 16237.855469,
                "600": 17175.011719,
                "700": 18036.9375,
                "800": 19685.060547,
                "900": 20237.539062,
                "1000": 20319.859375,
                "1500": 22929.404297
            },
            "Oti": {
                "2": 0.0,
                "5": 275.184021,
                "10": 1349.712158,
                "20": 1886.976318,
                "25": 2142.50415,
                "50": 2594.591064,
                "75": 2871.952637000001,
                "100": 3122.026123,
                "150": 3773.685059,
                "200": 4245.689941,
                "250": 4507.772461,
                "300": 4691.0942380000015,
                "400": 4913.996094,
                "500": 5054.861816,
                "600": 5586.751465,
                "700": 6032.089844,
                "800": 6589.46582,
                "900": 6982.05957,
                "1000": 7429.951172,
                "1500": 8285.636719
            },
            "Plateaux": {
                "2": 0.0,
                "5": 0.0,
                "10": 0.0,
                "20": 6.5520000000000005,
                "25": 6.5520000000000005,
                "50": 6.5520000000000005,
                "75": 19.656,
                "100": 85.17600300000002,
                "150": 104.832001,
                "200": 108.108002,
                "250": 183.456009,
                "300": 183.456009,
                "400": 275.184021,
                "500": 275.184021,
                "600": 275.184021,
                "700": 278.459991,
                "800": 278.459991,
                "900": 278.46002200000004,
                "1000": 278.46002200000004,
                "1500": 281.735992
            },
            "Savanes": {
                "2": 0.0,
                "5": 0.0,
                "10": 62.244007,
                "20": 242.423996,
                "25": 242.423996,
                "50": 304.667999,
                "75": 307.944,
                "100": 321.048035,
                "150": 321.048035,
                "200": 321.048035,
                "250": 321.048035,
                "300": 329.696686,
                "400": 353.808044,
                "500": 353.808044,
                "600": 353.808044,
                "700": 353.808044,
                "800": 353.808044,
                "900": 353.808044,
                "1000": 353.808044,
                "1500": 353.808044
            },
            "Savannah": {
                "2": 0.0,
                "5": 1890.252441,
                "10": 7538.057129000002,
                "20": 17205.523438,
                "25": 17788.640625,
                "50": 20569.935547,
                "75": 21893.398438,
                "100": 22371.716797,
                "150": 22961.25,
                "200": 23292.283203,
                "250": 23537.970703,
                "300": 23654.808594,
                "400": 24029.431641,
                "500": 24619.103516,
                "600": 24836.208984,
                "700": 24881.140625,
                "800": 24985.449219,
                "900": 25013.564453,
                "1000": 25100.703125,
                "1500": 25188.753906
            },
            "Sud Comoe": {
                "2": 0.0,
                "5": 0.0,
                "10": 0.0,
                "20": 2584.763428,
                "25": 2588.039307,
                "50": 2660.111328,
                "75": 2660.111328,
                "100": 2676.491211,
                "150": 2689.595215,
                "200": 2689.595215,
                "250": 2689.595215,
                "300": 2689.595215,
                "400": 2689.595215,
                "500": 2696.147217,
                "600": 2784.599121,
                "700": 2784.599121,
                "800": 2784.599121,
                "900": 2784.599121,
                "1000": 2784.599121,
                "1500": 4364.287109000001
            },
            "Sud-ouest": {
                "2": 0.0,
                "5": 0.0,
                "10": 0.0,
                "20": 0.0,
                "25": 0.0,
                "50": 0.0,
                "75": 0.0,
                "100": 0.0,
                "150": 32.759998,
                "200": 32.759998,
                "250": 32.759998,
                "300": 32.759998,
                "400": 32.759998,
                "500": 32.759998,
                "600": 32.759998,
                "700": 32.759998,
                "800": 32.759998,
                "900": 32.759998,
                "1000": 32.759998,
                "1500": 32.759998
            },
            "Upper East": {
                "2": 0.0,
                "5": 52.416004,
                "10": 780.452454,
                "20": 1918.051758,
                "25": 2190.629883,
                "50": 3358.533691,
                "75": 4058.70752,
                "100": 6602.17334,
                "150": 7940.790526999999,
                "200": 8384.870117,
                "250": 8701.487305,
                "300": 9181.34375,
                "400": 9679.657227,
                "500": 10016.316406,
                "600": 10490.65918,
                "700": 10803.635742,
                "800": 11080.62793,
                "900": 11398.270508,
                "1000": 11527.389648,
                "1500": 12288.099609
            },
            "Upper West": {
                "2": 0.0,
                "5": 36.036007,
                "10": 851.760193,
                "20": 2253.309082,
                "25": 2512.109863,
                "50": 3114.932861,
                "75": 3557.935059000001,
                "100": 5196.022949,
                "150": 6589.584473,
                "200": 7413.712890999999,
                "250": 7854.362305,
                "300": 7966.371094,
                "400": 8545.686523,
                "500": 8987.946289,
                "600": 9431.954102,
                "700": 9611.68457,
                "800": 9720.802734,
                "900": 9868.083008,
                "1000": 9932.353516,
                "1500": 11292.399414
            },
            "Volta": {
                "2": 0.0,
                "5": 3193.17627,
                "10": 55783.99609400001,
                "20": 64946.835938,
                "25": 66833.359375,
                "50": 69684.125,
                "75": 70800.320312,
                "100": 71975.414062,
                "150": 74252.070312,
                "200": 75726.117188,
                "250": 76439.5625,
                "300": 78343.210938,
                "400": 80394.015625,
                "500": 83510.960938,
                "600": 84745.9375,
                "700": 86268.53125,
                "800": 86748.421875,
                "900": 86847.304688,
                "1000": 86896.75,
                "1500": 90119.132812
            },
            "Western": {
                "2": 0.0,
                "5": 6437.324707,
                "10": 24686.224609,
                "20": 43289.074219,
                "25": 44986.027344,
                "50": 52094.980469,
                "75": 56113.421875,
                "100": 59685.53515599999,
                "150": 63949.03515599999,
                "200": 69451.21875,
                "250": 74473.328125,
                "300": 77712.21875,
                "400": 93550.085938,
                "500": 102970.898438,
                "600": 122947.27343800002,
                "700": 160976.96875,
                "800": 162710.5,
                "900": 193843.640625,
                "1000": 198619.625,
                "1500": 199836.328125
            },
            "Western North": {
                "2": 0.0,
                "5": 288.288055,
                "10": 7993.402344,
                "20": 11865.655273,
                "25": 12756.737305,
                "50": 15633.036133,
                "75": 17752.566406,
                "100": 19197.326172,
                "150": 21985.181641,
                "200": 23495.458984,
                "250": 24543.736328,
                "300": 25594.224609,
                "400": 26981.087891000006,
                "500": 28602.662109,
                "600": 28700.439452999995,
                "700": 28805.798827999995,
                "800": 32499.132812,
                "900": 36017.597656,
                "1000": 38250.585938,
                "1500": 40623.164062
            },
            "Zanzan": {
                "2": 0.0,
                "5": 0.0,
                "10": 0.0,
                "20": 147.419998,
                "25": 147.419998,
                "50": 147.419998,
                "75": 147.419998,
                "100": 147.419998,
                "150": 147.419998,
                "200": 147.419998,
                "250": 147.419998,
                "300": 147.419998,
                "400": 147.419998,
                "500": 147.419998,
                "600": 147.419998,
                "700": 147.419998,
                "800": 147.419998,
                "900": 147.419998,
                "1000": 147.419998,
                "1500": 147.419998
            }
        }
    }
}