{
    "thresh_0": {
        "adm0": {
            "1000": 1038341.375,
            "750": 1022177.0,
            "500": 992237.4375,
            "250": 909936.0,
            "200": 880443.75,
            "100": 810506.5,
            "75": 774336.8125,
            "50": 730584.125,
            "20": 598192.0625,
            "15": 543912.375,
            "10": 461363.90625,
            "5": 330916.1875,
            "2": 90379.171875
        },
        "adm1": {
            "Cabo Delgado": {
                "1000": 117068.875,
                "750": 109326.0,
                "500": 101191.984375,
                "250": 90971.640625,
                "200": 88595.65625,
                "100": 79650.375,
                "75": 74352.585938,
                "50": 68677.171875,
                "20": 40076.289062,
                "15": 36194.71875,
                "10": 28664.939453,
                "5": 12897.067383,
                "2": 2716.208008
            },
            "Cidade de Maputo": {
                "1000": 162401.484375,
                "750": 133666.0625,
                "500": 112898.859375,
                "250": 96506.875,
                "200": 86494.945312,
                "100": 68974.585938,
                "75": 58104.597656,
                "50": 54732.433594,
                "20": 37656.515625,
                "15": 36469.757812,
                "10": 26412.083984,
                "5": 0.0,
                "2": 0.0
            },
            "Gaza": {
                "1000": 311984.53125,
                "750": 308305.09375,
                "500": 301506.4375,
                "250": 293522.53125,
                "200": 292621.65625,
                "100": 284342.0625,
                "75": 281822.0625,
                "50": 275074.5625,
                "20": 226337.953125,
                "15": 155263.765625,
                "10": 116065.203125,
                "5": 12739.150391,
                "2": 46.551994
            },
            "Inhambane": {
                "1000": 293271.5625,
                "750": 261407.03125,
                "500": 248065.03125,
                "250": 199475.765625,
                "200": 192912.578125,
                "100": 163633.390625,
                "75": 153029.21875,
                "50": 142611.9375,
                "20": 112160.773438,
                "15": 101723.179688,
                "10": 83562.78125,
                "5": 40091.550781,
                "2": 985.68634
            },
            "Manica": {
                "1000": 88783.679688,
                "750": 84233.851562,
                "500": 80959.132812,
                "250": 71588.609375,
                "200": 67467.804688,
                "100": 60120.972656,
                "75": 55720.914062,
                "50": 50622.851562,
                "20": 35761.085938,
                "15": 30366.763672,
                "10": 24595.699219,
                "5": 14352.1875,
                "2": 835.911682
            },
            "Maputo": {
                "1000": 337323.625,
                "750": 281892.21875,
                "500": 229331.546875,
                "250": 195736.875,
                "200": 188176.40625,
                "100": 158067.078125,
                "75": 146052.140625,
                "50": 132379.75,
                "20": 90101.195312,
                "15": 60887.480469,
                "10": 45903.398438,
                "5": 13495.939453,
                "2": 8.096
            },
            "Nampula": {
                "1000": 248547.484375,
                "750": 243601.65625,
                "500": 222088.265625,
                "250": 194002.03125,
                "200": 183515.765625,
                "100": 143669.5625,
                "75": 125682.8125,
                "50": 104698.78125,
                "20": 59376.039062,
                "15": 50770.796875,
                "10": 39648.097656,
                "5": 23028.464844,
                "2": 4064.188965
            },
            "Niassa": {
                "1000": 67742.164062,
                "750": 64469.511719,
                "500": 61499.09375,
                "250": 58189.296875,
                "200": 57310.726562,
                "100": 53155.152344,
                "75": 49860.449219,
                "50": 46365.855469,
                "20": 36310.125,
                "15": 30794.886719,
                "10": 21834.505859,
                "5": 11494.392578,
                "2": 2574.527588
            },
            "Sofala": {
                "1000": 370954.09375,
                "750": 362169.40625,
                "500": 345227.65625,
                "250": 305381.0,
                "200": 298900.625,
                "100": 275177.1875,
                "75": 261844.484375,
                "50": 242838.875,
                "20": 163585.71875,
                "15": 139693.53125,
                "10": 103020.023438,
                "5": 49516.152344,
                "2": 1979.471558
            },
            "Tete": {
                "1000": 142269.96875,
                "750": 135386.203125,
                "500": 131575.90625,
                "250": 124119.445312,
                "200": 121827.140625,
                "100": 112844.21875,
                "75": 107593.921875,
                "50": 96008.148438,
                "20": 56197.835938,
                "15": 49335.421875,
                "10": 41995.375,
                "5": 33231.46875,
                "2": 2896.344238
            },
            "Zambezia": {
                "1000": 217941.09375,
                "750": 213553.3125,
                "500": 205972.34375,
                "250": 196670.203125,
                "200": 191353.53125,
                "100": 173097.53125,
                "75": 160632.78125,
                "50": 145860.953125,
                "20": 111986.78125,
                "15": 97082.15625,
                "10": 82610.703125,
                "5": 41573.101562,
                "2": 9336.310547
            }
        }
    },
    "thresh_1": {
        "adm0": {
            "1000": 701599.375,
            "750": 687029.8125,
            "500": 657040.625,
            "250": 625826.0625,
            "200": 613350.0,
            "100": 569433.625,
            "75": 551118.3125,
            "50": 517746.71875,
            "20": 402831.375,
            "15": 350313.875,
            "10": 282272.34375,
            "5": 171816.09375,
            "2": 37391.757812
        },
        "adm1": {
            "Cabo Delgado": {
                "1000": 59562.085938,
                "750": 53266.0625,
                "500": 47609.328125,
                "250": 40257.804688,
                "200": 38414.609375,
                "100": 33738.152344,
                "75": 31631.753906,
                "50": 29140.617188,
                "20": 19579.349609,
                "15": 15981.800781,
                "10": 11183.804688,
                "5": 5064.042969,
                "2": 382.53598
            },
            "Cidade de Maputo": {
                "1000": 154972.453125,
                "750": 128855.242188,
                "500": 99558.742188,
                "250": 77873.273438,
                "200": 73054.351562,
                "100": 59056.4375,
                "75": 57785.632812,
                "50": 49049.066406,
                "20": 34604.683594,
                "15": 23734.425781,
                "10": 10867.108398,
                "5": 0.0,
                "2": 0.0
            },
            "Gaza": {
                "1000": 282143.375,
                "750": 280054.5,
                "500": 276594.21875,
                "250": 270809.6875,
                "200": 267754.0,
                "100": 260024.0625,
                "75": 255555.984375,
                "50": 242997.921875,
                "20": 177068.46875,
                "15": 122526.351562,
                "10": 81356.414062,
                "5": 4412.319336,
                "2": 12.144
            },
            "Inhambane": {
                "1000": 161180.328125,
                "750": 155118.25,
                "500": 149969.328125,
                "250": 133529.109375,
                "200": 128095.65625,
                "100": 104037.804688,
                "75": 95396.320312,
                "50": 86059.429688,
                "20": 58239.132812,
                "15": 50173.601562,
                "10": 37173.539062,
                "5": 14075.37793,
                "2": 58.695988
            },
            "Manica": {
                "1000": 51345.558594,
                "750": 50689.625,
                "500": 45917.246094,
                "250": 41357.035156,
                "200": 40093.792969,
                "100": 35115.664062,
                "75": 32779.738281,
                "50": 29533.662109,
                "20": 17495.390625,
                "15": 14481.889648,
                "10": 11352.458984,
                "5": 6205.568848,
                "2": 44.528
            },
            "Maputo": {
                "1000": 319631.03125,
                "750": 258575.5625,
                "500": 214070.421875,
                "250": 176146.28125,
                "200": 169866.03125,
                "100": 143156.390625,
                "75": 131522.328125,
                "50": 117387.476562,
                "20": 68481.445312,
                "15": 48546.121094,
                "10": 32761.095703,
                "5": 7140.538086,
                "2": 0.0
            },
            "Nampula": {
                "1000": 129163.390625,
                "750": 124705.898438,
                "500": 116842.59375,
                "250": 98590.265625,
                "200": 92577.21875,
                "100": 68422.796875,
                "75": 60357.382812,
                "50": 46892.195312,
                "20": 26897.308594,
                "15": 22796.929688,
                "10": 17447.330078,
                "5": 8693.477539,
                "2": 619.343323
            },
            "Niassa": {
                "1000": 43263.578125,
                "750": 42197.703125,
                "500": 40884.964844,
                "250": 38327.726562,
                "200": 37418.175781,
                "100": 33435.546875,
                "75": 31997.816406,
                "50": 29872.714844,
                "20": 22309.179688,
                "15": 16988.808594,
                "10": 10081.101562,
                "5": 4531.725586,
                "2": 471.591919
            },
            "Sofala": {
                "1000": 254971.546875,
                "750": 252874.765625,
                "500": 241519.578125,
                "250": 222109.984375,
                "200": 216709.625,
                "100": 189506.328125,
                "75": 178939.71875,
                "50": 156733.28125,
                "20": 89476.84375,
                "15": 76258.015625,
                "10": 58255.703125,
                "5": 18758.515625,
                "2": 95.127998
            },
            "Tete": {
                "1000": 89609.023438,
                "750": 87881.992188,
                "500": 85063.039062,
                "250": 78428.976562,
                "200": 77012.453125,
                "100": 68962.898438,
                "75": 64809.445312,
                "50": 57398.445312,
                "20": 35907.523438,
                "15": 33373.375,
                "10": 29714.232422,
                "5": 18410.320312,
                "2": 710.423523
            },
            "Zambezia": {
                "1000": 143507.5625,
                "750": 139487.328125,
                "500": 135623.5,
                "250": 126363.351562,
                "200": 116081.640625,
                "100": 93915.171875,
                "75": 86348.703125,
                "50": 75894.0,
                "20": 57023.703125,
                "15": 50695.453125,
                "10": 38929.46875,
                "5": 18333.583984,
                "2": 1638.480713
            }
        }
    },
    "thresh_2": {
        "adm0": {
            "1000": 471893.6875,
            "750": 465351.84375,
            "500": 441533.5,
            "250": 412023.0625,
            "200": 406823.75,
            "100": 383913.0,
            "75": 367922.875,
            "50": 342435.34375,
            "20": 246351.734375,
            "15": 205532.640625,
            "10": 152962.46875,
            "5": 82946.945312,
            "2": 13748.822266
        },
        "adm1": {
            "Cabo Delgado": {
                "1000": 29355.583984,
                "750": 27337.990234,
                "500": 24280.367188,
                "250": 19086.082031,
                "200": 17868.716797,
                "100": 15855.129883,
                "75": 14413.000977,
                "50": 13135.716797,
                "20": 9205.124023,
                "15": 7441.762207,
                "10": 5292.730469,
                "5": 2321.536377,
                "2": 22.264
            },
            "Cidade de Maputo": {
                "1000": 73230.445312,
                "750": 69608.585938,
                "500": 53605.332031,
                "250": 41681.003906,
                "200": 37147.277344,
                "100": 26393.783203,
                "75": 22960.105469,
                "50": 19238.833984,
                "20": 4198.129395,
                "15": 2916.009521,
                "10": 1996.321899,
                "5": 0.0,
                "2": 0.0
            },
            "Gaza": {
                "1000": 242817.84375,
                "750": 240021.21875,
                "500": 236078.78125,
                "250": 231100.25,
                "200": 228660.203125,
                "100": 214634.296875,
                "75": 206444.953125,
                "50": 192738.265625,
                "20": 117723.171875,
                "15": 71809.046875,
                "10": 30331.480469,
                "5": 1625.272339,
                "2": 0.0
            },
            "Inhambane": {
                "1000": 80477.929688,
                "750": 77382.625,
                "500": 75553.71875,
                "250": 70256.328125,
                "200": 65402.921875,
                "100": 54511.117188,
                "75": 50796.609375,
                "50": 45354.84375,
                "20": 28989.230469,
                "15": 24963.275391,
                "10": 15639.510742,
                "5": 3199.944336,
                "2": 0.0
            },
            "Manica": {
                "1000": 25803.933594,
                "750": 25345.900391,
                "500": 23349.140625,
                "250": 21357.341797,
                "200": 20317.785156,
                "100": 18002.46875,
                "75": 16907.625,
                "50": 15307.5,
                "20": 9664.583008,
                "15": 8047.767578,
                "10": 5876.773438,
                "5": 2424.755371,
                "2": 0.0
            },
            "Maputo": {
                "1000": 142720.015625,
                "750": 130383.945312,
                "500": 114516.046875,
                "250": 102699.726562,
                "200": 97479.960938,
                "100": 88845.78125,
                "75": 82331.53125,
                "50": 74854.53125,
                "20": 41963.40625,
                "15": 28696.228516,
                "10": 9414.973633,
                "5": 620.356079,
                "2": 0.0
            },
            "Nampula": {
                "1000": 62389.46875,
                "750": 60307.078125,
                "500": 57392.433594,
                "250": 47825.332031,
                "200": 44971.625,
                "100": 33029.816406,
                "75": 29425.796875,
                "50": 22967.341797,
                "20": 14123.601562,
                "15": 11864.038086,
                "10": 8657.617188,
                "5": 3863.819824,
                "2": 55.66
            },
            "Niassa": {
                "1000": 31407.53125,
                "750": 30950.072266,
                "500": 30119.779297,
                "250": 28078.816406,
                "200": 27625.748047,
                "100": 24898.464844,
                "75": 23863.443359,
                "50": 22330.722656,
                "20": 14520.515625,
                "15": 7497.545898,
                "10": 4804.871582,
                "5": 2094.842529,
                "2": 24.288
            },
            "Sofala": {
                "1000": 168685.875,
                "750": 166243.0,
                "500": 156270.328125,
                "250": 143806.359375,
                "200": 134747.046875,
                "100": 112264.328125,
                "75": 99121.328125,
                "50": 77641.109375,
                "20": 54503.71875,
                "15": 47726.679688,
                "10": 35014.851562,
                "5": 8270.021484,
                "2": 0.0
            },
            "Tete": {
                "1000": 59499.636719,
                "750": 58375.945312,
                "500": 55999.859375,
                "250": 52157.589844,
                "200": 49645.519531,
                "100": 43984.925781,
                "75": 40929.878906,
                "50": 34590.933594,
                "20": 27376.542969,
                "15": 25328.736328,
                "10": 18995.767578,
                "5": 10451.986328,
                "2": 2.024
            },
            "Zambezia": {
                "1000": 77668.5625,
                "750": 75717.710938,
                "500": 72759.195312,
                "250": 64093.125,
                "200": 59766.546875,
                "100": 49924.265625,
                "75": 45953.257812,
                "50": 40944.097656,
                "20": 31369.828125,
                "15": 27215.121094,
                "10": 21015.632812,
                "5": 9496.617188,
                "2": 235.543091
            }
        }
    }
}