{
    "thresh_0": {
        "adm0": {
            "2": 46741.738281,
            "5": 168282.921875,
            "10": 307717.625,
            "15": 393048.90625,
            "20": 450071.0,
            "50": 639415.0625,
            "75": 681690.6875,
            "100": 706545.9375,
            "200": 761345.5625,
            "250": 776247.4375,
            "500": 827375.3125,
            "750": 900617.6875,
            "1000": 1012579.25
        },
        "adm1": {
            "Autonome d' Abidjan": {
                "2": 9.486,
                "5": 531.960022,
                "10": 101840.695312,
                "15": 102004.0,
                "20": 123140.007812,
                "50": 175247.625,
                "75": 176628.109375,
                "100": 219510.34375,
                "200": 232381.421875,
                "250": 237592.5625,
                "500": 388133.71875,
                "750": 388159.9375,
                "1000": 666979.5
            },
            "Autonome de Yamoussoukro": {
                "2": 0.0,
                "5": 803.147949,
                "10": 2303.300049,
                "15": 3510.871826,
                "20": 3921.624023,
                "50": 5934.279297,
                "75": 6854.420898,
                "100": 7844.504883,
                "200": 9110.120117,
                "250": 10084.024414,
                "500": 13414.279297,
                "750": 14132.842773,
                "1000": 20877.046875
            },
            "Bas-Sassandra": {
                "2": 1052.945435,
                "5": 13793.432617,
                "10": 48802.105469,
                "15": 145975.234375,
                "20": 151319.046875,
                "50": 181119.484375,
                "75": 196893.28125,
                "100": 209905.453125,
                "200": 302812.0,
                "250": 308269.5625,
                "500": 331116.25,
                "750": 333693.125,
                "1000": 338172.6875
            },
            "Como\u00e9": {
                "2": 467.975983,
                "5": 18798.146484,
                "10": 49329.167969,
                "15": 64721.820312,
                "20": 73456.4375,
                "50": 99138.492188,
                "75": 109691.070312,
                "100": 115130.125,
                "200": 132574.765625,
                "250": 144433.234375,
                "500": 155978.921875,
                "750": 171826.796875,
                "1000": 187853.671875
            },
            "Dengu\u00e9l\u00e9": {
                "2": 9.486,
                "5": 838.85907,
                "10": 1749.513916,
                "15": 3124.058594,
                "20": 3696.382324,
                "50": 4335.106934,
                "75": 4631.278809,
                "100": 4815.73291,
                "200": 5223.633789,
                "250": 5394.382324,
                "500": 9196.24707,
                "750": 9984.857422,
                "1000": 10279.400391
            },
            "G\u00f4h-Djiboua": {
                "2": 12.648,
                "5": 2338.76416,
                "10": 7633.834961,
                "15": 15919.071289,
                "20": 21668.15625,
                "50": 32096.318359,
                "75": 36225.980469,
                "100": 38413.132812,
                "200": 46396.617188,
                "250": 49202.101562,
                "500": 64819.488281,
                "750": 73545.664062,
                "1000": 75590.484375
            },
            "Lacs": {
                "2": 1941.467285,
                "5": 9027.517578,
                "10": 24613.095703,
                "15": 30954.039062,
                "20": 34557.65625,
                "50": 43853.320312,
                "75": 44919.816406,
                "100": 45589.15625,
                "200": 47827.859375,
                "250": 48681.601562,
                "500": 52267.414062,
                "750": 55396.308594,
                "1000": 56653.046875
            },
            "Lagunes": {
                "2": 869.549072,
                "5": 15762.598633,
                "10": 49993.90625,
                "15": 60703.402344,
                "20": 63602.933594,
                "50": 95451.554688,
                "75": 116231.6875,
                "100": 121727.59375,
                "200": 134394.1875,
                "250": 139459.40625,
                "500": 149667.3125,
                "750": 155781.28125,
                "1000": 161885.0625
            },
            "Montagnes": {
                "2": 1315.391602,
                "5": 12568.226562,
                "10": 47295.460938,
                "15": 62789.574219,
                "20": 89161.453125,
                "50": 113349.09375,
                "75": 122098.015625,
                "100": 128495.242188,
                "200": 142129.953125,
                "250": 144182.40625,
                "500": 159739.140625,
                "750": 167231.9375,
                "1000": 193657.515625
            },
            "Sassandra-Marahou\u00e9": {
                "2": 417.383911,
                "5": 7800.011719,
                "10": 35704.507812,
                "15": 41916.402344,
                "20": 47913.34375,
                "50": 73045.34375,
                "75": 81043.914062,
                "100": 85103.132812,
                "200": 98747.609375,
                "250": 102171.960938,
                "500": 116967.8125,
                "750": 129520.359375,
                "1000": 156181.296875
            },
            "Savanes": {
                "2": 1277.447021,
                "5": 9403.84375,
                "10": 17894.134766,
                "15": 23219.904297,
                "20": 26206.193359,
                "50": 37035.617188,
                "75": 40530.875,
                "100": 45043.074219,
                "200": 56447.710938,
                "250": 63773.34375,
                "500": 96234.125,
                "750": 128258.164062,
                "1000": 135916.265625
            },
            "Vall\u00e9e du Bandama": {
                "2": 1068.755859,
                "5": 5523.896484,
                "10": 11823.574219,
                "15": 17513.791016,
                "20": 25141.148438,
                "50": 38566.273438,
                "75": 43229.757812,
                "100": 46577.40625,
                "200": 54036.835938,
                "250": 55575.203125,
                "500": 63450.148438,
                "750": 66826.65625,
                "1000": 67977.859375
            },
            "Woroba": {
                "2": 638.723816,
                "5": 4350.914062,
                "10": 6959.576172,
                "15": 8659.691406,
                "20": 10867.856445,
                "50": 25697.798828,
                "75": 28267.349609,
                "100": 29843.169922,
                "200": 33539.589844,
                "250": 34181.460938,
                "500": 38671.503906,
                "750": 41388.734375,
                "1000": 43252.847656
            },
            "Zanzan": {
                "2": 872.711914,
                "5": 6090.03125,
                "10": 10232.244141,
                "15": 12556.335938,
                "20": 13590.313477,
                "50": 29006.052734,
                "75": 31208.761719,
                "100": 32370.429688,
                "200": 35205.308594,
                "250": 36406.855469,
                "500": 38967.945312,
                "750": 41067.808594,
                "1000": 42095.007812
            }
        }
    },
    "thresh_1": {
        "adm0": {
            "2": 16607.433594,
            "5": 114575.25,
            "10": 189719.546875,
            "15": 234148.171875,
            "20": 279540.0625,
            "50": 432283.3125,
            "75": 460584.34375,
            "100": 476488.125,
            "200": 511764.0,
            "250": 520465.25,
            "500": 555079.9375,
            "750": 588202.375,
            "1000": 647836.5
        },
        "adm1": {
            "Autonome d' Abidjan": {
                "2": 3.162,
                "5": 154.938019,
                "10": 17799.775391,
                "15": 63774.277344,
                "20": 78196.445312,
                "50": 104960.796875,
                "75": 116603.242188,
                "100": 129854.921875,
                "200": 157511.84375,
                "250": 174124.921875,
                "500": 212511.5625,
                "750": 286900.25,
                "1000": 375510.5
            },
            "Autonome de Yamoussoukro": {
                "2": 0.0,
                "5": 369.953888,
                "10": 1448.195801,
                "15": 1825.526367,
                "20": 2218.606934,
                "50": 3583.106934,
                "75": 4007.224121,
                "100": 4272.240234,
                "200": 5392.580078,
                "250": 5954.800293,
                "500": 8468.040039,
                "750": 10191.612305,
                "1000": 10855.720703
            },
            "Bas-Sassandra": {
                "2": 180.234009,
                "5": 7927.893555,
                "10": 38502.574219,
                "15": 127443.960938,
                "20": 134787.765625,
                "50": 151483.375,
                "75": 161497.6875,
                "100": 171377.46875,
                "200": 248416.515625,
                "250": 266597.96875,
                "500": 277047.125,
                "750": 287789.15625,
                "1000": 293544.84375
            },
            "Como\u00e9": {
                "2": 28.458,
                "5": 3609.824951,
                "10": 31731.759766,
                "15": 47309.707031,
                "20": 57315.023438,
                "50": 75122.78125,
                "75": 83364.789062,
                "100": 89128.046875,
                "200": 99082.398438,
                "250": 103292.734375,
                "500": 124109.421875,
                "750": 126668.0,
                "1000": 134789.3125
            },
            "Dengu\u00e9l\u00e9": {
                "2": 0.0,
                "5": 360.467957,
                "10": 1129.825439,
                "15": 1583.417114,
                "20": 2779.400635,
                "50": 3892.427246,
                "75": 4117.971191,
                "100": 4322.460449,
                "200": 4856.840332,
                "250": 5062.371582,
                "500": 8539.603516,
                "750": 9118.174805,
                "1000": 9845.517578
            },
            "G\u00f4h-Djiboua": {
                "2": 0.0,
                "5": 724.655579,
                "10": 2886.907227,
                "15": 5648.978516,
                "20": 9196.186523,
                "50": 15764.496094,
                "75": 18151.025391,
                "100": 20058.576172,
                "200": 24710.759766,
                "250": 26352.791016,
                "500": 34235.03125,
                "750": 37749.449219,
                "1000": 39808.382812
            },
            "Lacs": {
                "2": 471.138,
                "5": 3718.51123,
                "10": 16834.523438,
                "15": 20468.753906,
                "20": 22418.689453,
                "50": 27060.519531,
                "75": 28332.662109,
                "100": 29191.753906,
                "200": 31395.609375,
                "250": 31863.644531,
                "500": 34696.707031,
                "750": 37371.191406,
                "1000": 38664.816406
            },
            "Lagunes": {
                "2": 47.429996,
                "5": 11562.269531,
                "10": 26319.376953,
                "15": 54094.898438,
                "20": 57158.898438,
                "50": 77621.289062,
                "75": 91834.390625,
                "100": 96233.507812,
                "200": 102619.4375,
                "250": 105418.765625,
                "500": 112295.65625,
                "750": 115758.851562,
                "1000": 117790.375
            },
            "Montagnes": {
                "2": 309.876007,
                "5": 3550.935791,
                "10": 23297.705078,
                "15": 35943.765625,
                "20": 47581.136719,
                "50": 71022.453125,
                "75": 77523.914062,
                "100": 83829.328125,
                "200": 93218.46875,
                "250": 96836.804688,
                "500": 106926.875,
                "750": 115760.125,
                "1000": 123464.148438
            },
            "Sassandra-Marahou\u00e9": {
                "2": 34.782001,
                "5": 1486.44812,
                "10": 15017.469727,
                "15": 28497.892578,
                "20": 31549.207031,
                "50": 46623.320312,
                "75": 51628.574219,
                "100": 54888.121094,
                "200": 64983.125,
                "250": 68516.351562,
                "500": 77542.570312,
                "750": 86445.804688,
                "1000": 87862.734375
            },
            "Savanes": {
                "2": 113.832001,
                "5": 2143.834473,
                "10": 8341.382812,
                "15": 11958.75,
                "20": 14489.226562,
                "50": 20232.410156,
                "75": 22884.126953,
                "100": 25296.326172,
                "200": 33347.933594,
                "250": 38600.585938,
                "500": 55467.238281,
                "750": 58980.804688,
                "1000": 61866.144531
            },
            "Vall\u00e9e du Bandama": {
                "2": 41.105999,
                "5": 2197.5896,
                "10": 5445.776367,
                "15": 7551.601074,
                "20": 9217.820312,
                "50": 14247.398438,
                "75": 16734.539062,
                "100": 18269.681641,
                "200": 21570.958984,
                "250": 22401.228516,
                "500": 25239.378906,
                "750": 26920.542969,
                "1000": 27294.123047
            },
            "Woroba": {
                "2": 91.698006,
                "5": 1169.939575,
                "10": 3845.001465,
                "15": 4749.333008,
                "20": 5565.147461,
                "50": 10608.585938,
                "75": 12504.741211,
                "100": 13754.828125,
                "200": 16354.004883,
                "250": 16853.580078,
                "500": 18975.359375,
                "750": 21497.857422,
                "1000": 23155.578125
            },
            "Zanzan": {
                "2": 25.296001,
                "5": 2580.189697,
                "10": 4796.760254,
                "15": 7171.862793,
                "20": 8037.260742,
                "50": 18761.025391,
                "75": 20330.28125,
                "100": 21010.716797,
                "200": 22531.535156,
                "250": 23181.111328,
                "500": 24626.15625,
                "750": 25855.730469,
                "1000": 26200.845703
            }
        }
    },
    "thresh_2": {
        "adm0": {
            "2": 7214.017578,
            "5": 73583.523438,
            "10": 144718.828125,
            "15": 162069.078125,
            "20": 182898.65625,
            "50": 292627.0,
            "75": 312023.84375,
            "100": 318644.6875,
            "200": 335450.1875,
            "250": 340812.84375,
            "500": 358633.0625,
            "750": 368540.46875,
            "1000": 374480.25
        },
        "adm1": {
            "Autonome d' Abidjan": {
                "2": 0.0,
                "5": 113.832001,
                "10": 4776.541504,
                "15": 31622.341797,
                "20": 53703.964844,
                "50": 65073.058594,
                "75": 72365.40625,
                "100": 77801.265625,
                "200": 98116.0,
                "250": 104084.179688,
                "500": 123698.3125,
                "750": 135704.109375,
                "1000": 185604.640625
            },
            "Autonome de Yamoussoukro": {
                "2": 0.0,
                "5": 9.486,
                "10": 1267.961792,
                "15": 1328.039673,
                "20": 1394.441162,
                "50": 2596.252686,
                "75": 2634.196777,
                "100": 2643.930664,
                "200": 2855.537109,
                "250": 3043.703857,
                "500": 3784.29834,
                "750": 4373.788086,
                "1000": 4577.964844
            },
            "Bas-Sassandra": {
                "2": 12.648,
                "5": 4584.901367,
                "10": 30355.3125,
                "15": 117800.039062,
                "20": 126355.015625,
                "50": 135648.9375,
                "75": 139848.34375,
                "100": 143244.921875,
                "200": 198012.625,
                "250": 230428.328125,
                "500": 250834.90625,
                "750": 255686.625,
                "1000": 258074.5
            },
            "Como\u00e9": {
                "2": 3.162,
                "5": 1312.22937,
                "10": 22530.898438,
                "15": 34589.46875,
                "20": 42929.859375,
                "50": 56304.304688,
                "75": 62472.136719,
                "100": 67083.328125,
                "200": 74014.28125,
                "250": 76223.96875,
                "500": 83896.085938,
                "750": 89261.1875,
                "1000": 92258.265625
            },
            "Dengu\u00e9l\u00e9": {
                "2": 0.0,
                "5": 66.649994,
                "10": 260.772064,
                "15": 316.199951,
                "20": 347.819946,
                "50": 446.337982,
                "75": 609.302979,
                "100": 746.231689,
                "200": 1470.329224,
                "250": 1599.349731,
                "500": 2340.869873,
                "750": 2583.957764,
                "1000": 2970.424316
            },
            "G\u00f4h-Djiboua": {
                "2": 0.0,
                "5": 422.033905,
                "10": 1780.205322,
                "15": 2477.329102,
                "20": 4167.84082,
                "50": 7036.292969,
                "75": 7649.46582,
                "100": 8230.97168,
                "200": 10234.896484,
                "250": 10856.328125,
                "500": 13751.300781,
                "750": 15964.477539,
                "1000": 17393.587891
            },
            "Lacs": {
                "2": 22.134001,
                "5": 2526.4375,
                "10": 11642.5,
                "15": 13801.094727,
                "20": 14785.557617,
                "50": 16951.515625,
                "75": 17736.710938,
                "100": 18282.759766,
                "200": 19538.050781,
                "250": 19920.679688,
                "500": 22191.041016,
                "750": 23174.076172,
                "1000": 23525.351562
            },
            "Lagunes": {
                "2": 6.324,
                "5": 9298.268555,
                "10": 16944.882812,
                "15": 47070.15625,
                "20": 51328.121094,
                "50": 66474.601562,
                "75": 77559.585938,
                "100": 79889.578125,
                "200": 85248.007812,
                "250": 85848.859375,
                "500": 90373.140625,
                "750": 92824.046875,
                "1000": 94504.125
            },
            "Montagnes": {
                "2": 79.050003,
                "5": 1903.523804,
                "10": 8200.198242,
                "15": 20632.138672,
                "20": 24783.533203,
                "50": 40072.007812,
                "75": 43038.613281,
                "100": 44788.234375,
                "200": 49607.816406,
                "250": 50790.671875,
                "500": 55802.621094,
                "750": 66706.0,
                "1000": 74307.085938
            },
            "Sassandra-Marahou\u00e9": {
                "2": 0.0,
                "5": 578.646057,
                "10": 6222.82666,
                "15": 18946.314453,
                "20": 20085.525391,
                "50": 29107.339844,
                "75": 31450.884766,
                "100": 32946.441406,
                "200": 37007.335938,
                "250": 38289.851562,
                "500": 44045.367188,
                "750": 47432.808594,
                "1000": 48830.46875
            },
            "Savanes": {
                "2": 6.324,
                "5": 392.08786,
                "10": 2390.473145,
                "15": 4428.64502,
                "20": 5385.958008,
                "50": 8345.521484,
                "75": 9861.041992,
                "100": 11299.669922,
                "200": 13619.356445,
                "250": 15241.792969,
                "500": 23195.011719,
                "750": 24662.763672,
                "1000": 26851.976562
            },
            "Vall\u00e9e du Bandama": {
                "2": 3.162,
                "5": 1040.297607,
                "10": 2263.990723,
                "15": 2834.204346,
                "20": 3316.944336,
                "50": 4849.890137,
                "75": 5791.12793,
                "100": 6274.091309,
                "200": 7655.512695,
                "250": 8185.734863,
                "500": 9242.463867,
                "750": 10074.322266,
                "1000": 10413.336914
            },
            "Woroba": {
                "2": 18.972,
                "5": 376.278046,
                "10": 1716.964722,
                "15": 2242.910156,
                "20": 2583.355713,
                "50": 4505.862793,
                "75": 5197.286621,
                "100": 5524.037598,
                "200": 6472.642578,
                "250": 6826.78125,
                "500": 7332.726562,
                "750": 8139.50293,
                "1000": 8676.591797
            },
            "Zanzan": {
                "2": 0.0,
                "5": 1271.123535,
                "10": 2662.405273,
                "15": 3562.190186,
                "20": 4420.481445,
                "50": 11269.400391,
                "75": 12355.129883,
                "100": 12934.295898,
                "200": 14419.012695,
                "250": 14778.984375,
                "500": 15756.109375,
                "750": 16079.34668,
                "1000": 16733.105469
            }
        }
    }
}