{
    "thresh_0": {
        "adm0": {
            "2": 39889.792969,
            "5": 111962.320312,
            "10": 205400.0,
            "15": 292099.28125,
            "20": 348258.53125,
            "50": 477821.84375,
            "75": 528934.8125,
            "100": 566056.0,
            "200": 641408.0625,
            "250": 660178.375,
            "500": 750130.3125,
            "750": 772727.3125,
            "1000": 811543.0
        },
        "adm1": {
            "Alaotra Mangoro": {
                "2": 0.0,
                "5": 3646.230225,
                "10": 13502.636719,
                "15": 22963.285156,
                "20": 28379.587891,
                "50": 46225.242188,
                "75": 53048.476562,
                "100": 56190.402344,
                "200": 66072.5,
                "250": 70026.609375,
                "500": 84305.726562,
                "750": 89683.5,
                "1000": 97918.867188
            },
            "Amoron'i Mania": {
                "2": 0.0,
                "5": 97.265991,
                "10": 1900.432495,
                "15": 2433.312256,
                "20": 4169.961914,
                "50": 6653.991699,
                "75": 7182.693848,
                "100": 7489.483398,
                "200": 8305.027344,
                "250": 8691.608398,
                "500": 9933.657227,
                "750": 10973.296875,
                "1000": 11582.132812
            },
            "Analamanga": {
                "2": 0.0,
                "5": 266.858154,
                "10": 11051.992188,
                "15": 69024.1875,
                "20": 72328.265625,
                "50": 95653.46875,
                "75": 103989.023438,
                "100": 107361.578125,
                "200": 120772.109375,
                "250": 126084.867188,
                "500": 142667.890625,
                "750": 153881.71875,
                "1000": 160688.6875
            },
            "Analanjirofo": {
                "2": 0.0,
                "5": 10549.655273,
                "10": 30788.634766,
                "15": 43121.683594,
                "20": 53039.226562,
                "50": 90052.359375,
                "75": 106899.09375,
                "100": 115697.070312,
                "200": 135302.171875,
                "250": 143338.9375,
                "500": 159631.3125,
                "750": 177410.59375,
                "1000": 181791.46875
            },
            "Androy": {
                "2": 0.0,
                "5": 194.532013,
                "10": 1543.786255,
                "15": 2312.769287,
                "20": 2743.401611,
                "50": 4204.884766,
                "75": 4846.652832,
                "100": 5267.32373,
                "200": 6384.632812,
                "250": 6776.191895,
                "500": 8364.874023,
                "750": 11554.626953,
                "1000": 13761.96582
            },
            "Anosy": {
                "2": 0.0,
                "5": 850.454529,
                "10": 3326.988525,
                "15": 4556.528809,
                "20": 5903.293457,
                "50": 8048.140625,
                "75": 9226.924805,
                "100": 10115.706055,
                "200": 12537.442383,
                "250": 13158.439453,
                "500": 16345.833984,
                "750": 19940.175781,
                "1000": 21268.914062
            },
            "Atsimo Andrefana": {
                "2": 47.385998,
                "5": 1027.527832,
                "10": 9726.626953,
                "15": 15806.163086,
                "20": 20108.074219,
                "50": 35591.117188,
                "75": 42040.808594,
                "100": 46403.886719,
                "200": 54357.976562,
                "250": 57307.03125,
                "500": 63056.832031,
                "750": 65042.992188,
                "1000": 66584.78125
            },
            "Atsimo Atsinanana": {
                "2": 0.0,
                "5": 2444.12085,
                "10": 4875.76416,
                "15": 6893.424316,
                "20": 8965.946289,
                "50": 13896.742188,
                "75": 16648.351562,
                "100": 18825.033203,
                "200": 21768.03125,
                "250": 23553.705078,
                "500": 28170.277344,
                "750": 30054.267578,
                "1000": 32415.019531
            },
            "Atsinanana": {
                "2": 0.0,
                "5": 6312.322754,
                "10": 34435.453125,
                "15": 57623.355469,
                "20": 72237.351562,
                "50": 93877.25,
                "75": 103476.679688,
                "100": 110207.492188,
                "200": 123748.0625,
                "250": 129535.179688,
                "500": 147828.796875,
                "750": 154689.671875,
                "1000": 164523.03125
            },
            "Betsiboka": {
                "2": 0.0,
                "5": 621.00592,
                "10": 12933.930664,
                "15": 14113.598633,
                "20": 14949.073242,
                "50": 26680.933594,
                "75": 27681.044922,
                "100": 28494.101562,
                "200": 30406.998047,
                "250": 32192.677734,
                "500": 35060.785156,
                "750": 42041.03125,
                "1000": 42789.730469
            },
            "Boeny": {
                "2": 0.0,
                "5": 1678.462769,
                "10": 12612.921875,
                "15": 24572.207031,
                "20": 31900.970703,
                "50": 62998.875,
                "75": 70737.210938,
                "100": 73541.03125,
                "200": 83616.515625,
                "250": 87363.9375,
                "500": 107735.179688,
                "750": 116380.28125,
                "1000": 122811.65625
            },
            "Bongolava": {
                "2": 0.0,
                "5": 107.242004,
                "10": 496.305817,
                "15": 803.067871,
                "20": 1007.575867,
                "50": 1631.078247,
                "75": 1837.245483,
                "100": 1972.757568,
                "200": 2316.927979,
                "250": 2404.217773,
                "500": 2683.546631,
                "750": 2864.611084,
                "1000": 3212.275391
            },
            "Diana": {
                "2": 0.0,
                "5": 1330.347046,
                "10": 5591.547852,
                "15": 8941.980469,
                "20": 12221.583984,
                "50": 27593.794922,
                "75": 34350.566406,
                "100": 37686.519531,
                "200": 44602.355469,
                "250": 46542.800781,
                "500": 58600.578125,
                "750": 63764.65625,
                "1000": 65939.570312
            },
            "Haute Matsiatra": {
                "2": 0.0,
                "5": 399.039978,
                "10": 1798.061523,
                "15": 3648.83374,
                "20": 4668.180176,
                "50": 6578.595215,
                "75": 7440.398438,
                "100": 7777.344238,
                "200": 8822.46582,
                "250": 9326.25293,
                "500": 11412.915039,
                "750": 13510.951172,
                "1000": 16151.514648
            },
            "Ihorombe": {
                "2": 0.0,
                "5": 406.521912,
                "10": 1528.822998,
                "15": 3073.429932,
                "20": 4242.286621,
                "50": 7304.930176,
                "75": 8388.143555,
                "100": 8848.740234,
                "200": 9983.521484,
                "250": 10300.257812,
                "500": 11312.828125,
                "750": 12332.511719,
                "1000": 12430.158203
            },
            "Itasy": {
                "2": 0.0,
                "5": 17.458,
                "10": 531.221863,
                "15": 1269.446411,
                "20": 1962.779541,
                "50": 3060.135254,
                "75": 3299.559082,
                "100": 3541.475098,
                "200": 4050.248291,
                "250": 4202.381348,
                "500": 4466.748535,
                "750": 4792.967773,
                "1000": 5060.326172
            },
            "Melaky": {
                "2": 0.0,
                "5": 678.367798,
                "10": 3277.110107,
                "15": 4913.175293,
                "20": 5584.064941,
                "50": 7688.992676,
                "75": 8523.655273,
                "100": 9118.060547,
                "200": 10587.013672,
                "250": 11188.075195,
                "500": 12484.97168,
                "750": 13231.423828,
                "1000": 13529.946289
            },
            "Menabe": {
                "2": 0.0,
                "5": 2359.32251,
                "10": 9379.923828,
                "15": 15397.936523,
                "20": 17271.017578,
                "50": 29930.722656,
                "75": 36713.558594,
                "100": 38225.0,
                "200": 41176.1875,
                "250": 42380.84375,
                "500": 43747.292969,
                "750": 44912.90625,
                "1000": 46500.964844
            },
            "Sava": {
                "2": 0.0,
                "5": 11472.425781,
                "10": 37774.199219,
                "15": 61167.03125,
                "20": 68226.046875,
                "50": 108624.875,
                "75": 134779.59375,
                "100": 156458.65625,
                "200": 194382.109375,
                "250": 201655.875,
                "500": 243143.78125,
                "750": 283631.78125,
                "1000": 304944.8125
            },
            "Sofia": {
                "2": 518.751831,
                "5": 9180.427734,
                "10": 23197.113281,
                "15": 32977.648438,
                "20": 44916.886719,
                "50": 95275.84375,
                "75": 116666.242188,
                "100": 130688.109375,
                "200": 155347.40625,
                "250": 160998.953125,
                "500": 170453.03125,
                "750": 182450.6875,
                "1000": 184435.21875
            },
            "Vakinankaratra": {
                "2": 0.0,
                "5": 331.702026,
                "10": 2668.575928,
                "15": 5384.542969,
                "20": 6406.621094,
                "50": 11717.098633,
                "75": 13748.707031,
                "100": 14918.697266,
                "200": 17254.222656,
                "250": 18045.716797,
                "500": 20279.785156,
                "750": 21074.683594,
                "1000": 22042.839844
            },
            "Vatovavy Fitovinany": {
                "2": 0.0,
                "5": 5372.058594,
                "10": 24439.015625,
                "15": 31828.066406,
                "20": 38504.25,
                "50": 66648.414062,
                "75": 79894.421875,
                "100": 89125.195312,
                "200": 113971.296875,
                "250": 120591.78125,
                "500": 139931.5625,
                "750": 149995.0,
                "1000": 157063.75
            }
        }
    },
    "thresh_1": {
        "adm0": {
            "2": 32734.748047,
            "5": 96444.398438,
            "10": 183027.96875,
            "15": 264224.75,
            "20": 315803.90625,
            "50": 426371.40625,
            "75": 473032.28125,
            "100": 507338.6875,
            "200": 565309.75,
            "250": 585596.75,
            "500": 683499.75,
            "750": 695898.6875,
            "1000": 721325.6875
        },
        "adm1": {
            "Alaotra Mangoro": {
                "2": 0.0,
                "5": 3027.715088,
                "10": 11315.31543,
                "15": 19986.226562,
                "20": 25336.900391,
                "50": 42220.222656,
                "75": 48022.621094,
                "100": 51541.976562,
                "200": 59057.796875,
                "250": 64768.609375,
                "500": 75714.296875,
                "750": 80099.71875,
                "1000": 84888.867188
            },
            "Amoron'i Mania": {
                "2": 0.0,
                "5": 74.820007,
                "10": 1324.315674,
                "15": 2146.500732,
                "20": 3618.788818,
                "50": 6190.10498,
                "75": 6795.284668,
                "100": 7207.658691,
                "200": 8080.568359,
                "250": 8367.379883,
                "500": 9023.298828,
                "750": 10275.961914,
                "1000": 10594.576172
            },
            "Analamanga": {
                "2": 0.0,
                "5": 231.942123,
                "10": 9354.378906,
                "15": 42573.054688,
                "20": 60897.878906,
                "50": 85902.570312,
                "75": 94725.546875,
                "100": 100204.304688,
                "200": 113642.085938,
                "250": 118473.390625,
                "500": 130707.148438,
                "750": 143624.734375,
                "1000": 146804.328125
            },
            "Analanjirofo": {
                "2": 0.0,
                "5": 9427.330078,
                "10": 27000.251953,
                "15": 39267.386719,
                "20": 49317.363281,
                "50": 85940.71875,
                "75": 100959.507812,
                "100": 106772.054688,
                "200": 128488.617188,
                "250": 135457.1875,
                "500": 152344.53125,
                "750": 162775.390625,
                "1000": 171254.515625
            },
            "Androy": {
                "2": 0.0,
                "5": 102.253998,
                "10": 1142.252075,
                "15": 1700.906006,
                "20": 2187.239258,
                "50": 3476.634277,
                "75": 3953.798096,
                "100": 4578.981934,
                "200": 5910.776367,
                "250": 6262.429199,
                "500": 8147.898926,
                "750": 9969.291016,
                "1000": 11704.388672
            },
            "Anosy": {
                "2": 0.0,
                "5": 635.969971,
                "10": 2538.890625,
                "15": 3943.006104,
                "20": 4756.057129,
                "50": 7147.812988,
                "75": 8243.483398,
                "100": 8938.491211,
                "200": 11050.970703,
                "250": 12465.105469,
                "500": 14889.193359,
                "750": 16074.849609,
                "1000": 16585.289062
            },
            "Atsimo Andrefana": {
                "2": 37.41,
                "5": 840.477783,
                "10": 8200.28125,
                "15": 13392.5,
                "20": 16959.232422,
                "50": 29245.960938,
                "75": 34910.785156,
                "100": 39539.855469,
                "200": 45730.269531,
                "250": 49450.070312,
                "500": 55572.570312,
                "750": 57797.425781,
                "1000": 58364.925781
            },
            "Atsimo Atsinanana": {
                "2": 0.0,
                "5": 1915.395874,
                "10": 4025.300781,
                "15": 5683.819336,
                "20": 7107.899902,
                "50": 12500.087891,
                "75": 14659.862305,
                "100": 16273.666016,
                "200": 19094.408203,
                "250": 20882.642578,
                "500": 26262.259766,
                "750": 28149.589844,
                "1000": 29359.777344
            },
            "Atsinanana": {
                "2": 0.0,
                "5": 5357.110352,
                "10": 31193.152344,
                "15": 49596.652344,
                "20": 62569.914062,
                "50": 85120.382812,
                "75": 93790.710938,
                "100": 99357.46875,
                "200": 113911.328125,
                "250": 118699.84375,
                "500": 136785.171875,
                "750": 145609.984375,
                "1000": 150310.421875
            },
            "Betsiboka": {
                "2": 0.0,
                "5": 531.221863,
                "10": 12143.325195,
                "15": 13583.188477,
                "20": 14367.985352,
                "50": 24847.832031,
                "75": 26207.785156,
                "100": 26882.953125,
                "200": 29105.126953,
                "250": 29950.558594,
                "500": 34257.707031,
                "750": 40151.195312,
                "1000": 40924.21875
            },
            "Boeny": {
                "2": 0.0,
                "5": 1379.183228,
                "10": 11595.353516,
                "15": 21110.384766,
                "20": 26930.347656,
                "50": 54250.203125,
                "75": 63385.585938,
                "100": 66451.210938,
                "200": 77671.9375,
                "250": 80962.640625,
                "500": 95892.171875,
                "750": 102587.984375,
                "1000": 109130.382812
            },
            "Bongolava": {
                "2": 0.0,
                "5": 92.278,
                "10": 446.425995,
                "15": 725.753967,
                "20": 905.322021,
                "50": 1454.00293,
                "75": 1705.885498,
                "100": 1848.055908,
                "200": 2159.808105,
                "250": 2294.47998,
                "500": 2466.567871,
                "750": 2632.793701,
                "1000": 2890.54541
            },
            "Diana": {
                "2": 0.0,
                "5": 906.366272,
                "10": 4127.57373,
                "15": 7971.683105,
                "20": 10372.554688,
                "50": 23973.375,
                "75": 29513.285156,
                "100": 32996.867188,
                "200": 37566.457031,
                "250": 40334.214844,
                "500": 51781.289062,
                "750": 54120.917969,
                "1000": 58536.914062
            },
            "Haute Matsiatra": {
                "2": 0.0,
                "5": 324.220001,
                "10": 1453.887817,
                "15": 2987.497559,
                "20": 3995.715088,
                "50": 6039.203125,
                "75": 6749.789062,
                "100": 7324.665039,
                "200": 8256.53418,
                "250": 8810.34375,
                "500": 10778.041016,
                "750": 12751.248047,
                "1000": 14779.800781
            },
            "Ihorombe": {
                "2": 0.0,
                "5": 299.279938,
                "10": 1351.748657,
                "15": 2648.627197,
                "20": 3688.616699,
                "50": 6798.645996,
                "75": 7886.037598,
                "100": 8282.591797,
                "200": 9242.791992,
                "250": 9636.850586,
                "500": 10696.8125,
                "750": 11580.933594,
                "1000": 11689.428711
            },
            "Itasy": {
                "2": 0.0,
                "5": 17.458,
                "10": 443.931946,
                "15": 1219.563721,
                "20": 1823.115356,
                "50": 2758.362061,
                "75": 3094.215576,
                "100": 3294.570801,
                "200": 3731.018311,
                "250": 3818.308594,
                "500": 4239.793457,
                "750": 4366.366699,
                "1000": 4564.016113
            },
            "Melaky": {
                "2": 0.0,
                "5": 516.257996,
                "10": 2738.410645,
                "15": 4060.230225,
                "20": 4708.671387,
                "50": 6476.903809,
                "75": 7196.794434,
                "100": 7671.539062,
                "200": 8886.111328,
                "250": 9230.300781,
                "500": 10310.198242,
                "750": 10921.970703,
                "1000": 11322.75
            },
            "Menabe": {
                "2": 0.0,
                "5": 1962.782349,
                "10": 8424.744141,
                "15": 14699.6875,
                "20": 16490.427734,
                "50": 27571.261719,
                "75": 32401.408203,
                "100": 34614.390625,
                "200": 37809.28125,
                "250": 38400.351562,
                "500": 39784.554688,
                "750": 41293.03125,
                "1000": 42712.570312
            },
            "Sava": {
                "2": 0.0,
                "5": 9621.858398,
                "10": 32691.414062,
                "15": 50641.164062,
                "20": 61084.734375,
                "50": 100080.992188,
                "75": 125533.703125,
                "100": 142619.828125,
                "200": 179459.828125,
                "250": 185852.375,
                "500": 215894.671875,
                "750": 242561.5,
                "1000": 280698.71875
            },
            "Sofia": {
                "2": 354.148071,
                "5": 7619.174805,
                "10": 19475.972656,
                "15": 29613.201172,
                "20": 40038.304688,
                "50": 85833.421875,
                "75": 106887.40625,
                "100": 116596.453125,
                "200": 137733.75,
                "250": 147262.484375,
                "500": 158993.46875,
                "750": 165881.640625,
                "1000": 169027.25
            },
            "Vakinankaratra": {
                "2": 0.0,
                "5": 291.798065,
                "10": 2235.321533,
                "15": 4205.70459,
                "20": 5577.680664,
                "50": 10753.648438,
                "75": 13074.4375,
                "100": 14369.535156,
                "200": 16373.81543,
                "250": 16873.220703,
                "500": 19299.642578,
                "750": 19739.25,
                "1000": 20457.621094
            },
            "Vatovavy Fitovinany": {
                "2": 0.0,
                "5": 4838.364258,
                "10": 20443.585938,
                "15": 28907.517578,
                "20": 36325.601562,
                "50": 62399.386719,
                "75": 74584.1875,
                "100": 84509.820312,
                "200": 106704.304688,
                "250": 112609.710938,
                "500": 129452.359375,
                "750": 137219.828125,
                "1000": 142913.40625
            }
        }
    },
    "thresh_2": {
        "adm0": {
            "2": 26329.21875,
            "5": 75335.460938,
            "10": 145120.53125,
            "15": 205222.703125,
            "20": 239694.640625,
            "50": 322116.40625,
            "75": 359826.65625,
            "100": 381859.03125,
            "200": 434147.21875,
            "250": 448217.4375,
            "500": 506147.78125,
            "750": 524745.625,
            "1000": 535004.0625
        },
        "adm1": {
            "Alaotra Mangoro": {
                "2": 0.0,
                "5": 2244.599854,
                "10": 8873.660156,
                "15": 15087.106445,
                "20": 19044.349609,
                "50": 30359.900391,
                "75": 34340.980469,
                "100": 36941.089844,
                "200": 43197.976562,
                "250": 46800.015625,
                "500": 55360.414062,
                "750": 60687.457031,
                "1000": 62722.148438
            },
            "Amoron'i Mania": {
                "2": 0.0,
                "5": 72.325996,
                "10": 1057.456421,
                "15": 1816.465332,
                "20": 2840.661865,
                "50": 4663.775391,
                "75": 5186.680664,
                "100": 5456.863281,
                "200": 6192.602051,
                "250": 6359.696289,
                "500": 6970.727539,
                "750": 7688.748047,
                "1000": 7950.876465
            },
            "Analamanga": {
                "2": 0.0,
                "5": 182.062073,
                "10": 6988.301758,
                "15": 29630.664062,
                "20": 46743.765625,
                "50": 69199.09375,
                "75": 75394.25,
                "100": 79976.570312,
                "200": 93804.085938,
                "250": 98718.304688,
                "500": 107464.203125,
                "750": 114184.828125,
                "1000": 121390.289062
            },
            "Analanjirofo": {
                "2": 0.0,
                "5": 6923.341797,
                "10": 21338.767578,
                "15": 30973.955078,
                "20": 39612.140625,
                "50": 67595.664062,
                "75": 79024.648438,
                "100": 84957.5,
                "200": 99989.804688,
                "250": 105607.234375,
                "500": 119914.492188,
                "750": 129058.507812,
                "1000": 132079.1875
            },
            "Androy": {
                "2": 0.0,
                "5": 52.373997,
                "10": 638.463989,
                "15": 1009.237061,
                "20": 1217.072876,
                "50": 1947.815186,
                "75": 2257.893066,
                "100": 2546.374268,
                "200": 3464.16333,
                "250": 3845.748047,
                "500": 4860.799316,
                "750": 6765.09668,
                "1000": 7998.261719
            },
            "Anosy": {
                "2": 0.0,
                "5": 566.137817,
                "10": 1770.740112,
                "15": 2565.491211,
                "20": 3142.439453,
                "50": 4795.948242,
                "75": 5417.781738,
                "100": 5973.12793,
                "200": 7821.194824,
                "250": 8497.067383,
                "500": 10202.982422,
                "750": 11120.512695,
                "1000": 11492.433594
            },
            "Atsimo Andrefana": {
                "2": 14.964,
                "5": 628.487976,
                "10": 6716.339844,
                "15": 11105.326172,
                "20": 14619.90332,
                "50": 23537.185547,
                "75": 28642.958984,
                "100": 31259.337891,
                "200": 36486.160156,
                "250": 38114.644531,
                "500": 42719.761719,
                "750": 46230.519531,
                "1000": 46890.519531
            },
            "Atsimo Atsinanana": {
                "2": 0.0,
                "5": 1401.630005,
                "10": 3027.719482,
                "15": 4228.975586,
                "20": 5327.172363,
                "50": 9237.806641,
                "75": 10911.326172,
                "100": 11921.429688,
                "200": 14714.810547,
                "250": 15697.517578,
                "500": 20316.414062,
                "750": 21197.169922,
                "1000": 23015.103516
            },
            "Atsinanana": {
                "2": 0.0,
                "5": 5060.322754,
                "10": 24276.003906,
                "15": 37443.398438,
                "20": 45199.210938,
                "50": 62034.132812,
                "75": 68034.023438,
                "100": 73479.75,
                "200": 82637.210938,
                "250": 86257.492188,
                "500": 101277.632812,
                "750": 105326.789062,
                "1000": 107101.234375
            },
            "Betsiboka": {
                "2": 2.494,
                "5": 414.004028,
                "10": 11350.21582,
                "15": 12777.614258,
                "20": 13435.206055,
                "50": 22513.4375,
                "75": 24007.324219,
                "100": 24423.857422,
                "200": 26359.208984,
                "250": 27042.568359,
                "500": 29541.515625,
                "750": 35922.335938,
                "1000": 37305.394531
            },
            "Boeny": {
                "2": 0.0,
                "5": 907.816345,
                "10": 9060.708984,
                "15": 17835.591797,
                "20": 22346.925781,
                "50": 44418.894531,
                "75": 52912.296875,
                "100": 55740.261719,
                "200": 65582.640625,
                "250": 67314.46875,
                "500": 80913.515625,
                "750": 88121.484375,
                "1000": 90655.59375
            },
            "Bongolava": {
                "2": 0.0,
                "5": 69.831993,
                "10": 384.075867,
                "15": 603.547913,
                "20": 770.645752,
                "50": 1261.964355,
                "75": 1453.167603,
                "100": 1571.22168,
                "200": 1803.164429,
                "250": 1885.463989,
                "500": 2060.045654,
                "750": 2199.958496,
                "1000": 2364.313477
            },
            "Diana": {
                "2": 0.0,
                "5": 556.161926,
                "10": 2765.901123,
                "15": 5721.270508,
                "20": 7683.030273,
                "50": 16849.609375,
                "75": 21271.40625,
                "100": 23274.128906,
                "200": 27399.845703,
                "250": 29177.478516,
                "500": 36569.761719,
                "750": 38946.628906,
                "1000": 40115.875
            },
            "Haute Matsiatra": {
                "2": 0.0,
                "5": 276.834015,
                "10": 1209.591431,
                "15": 2386.61792,
                "20": 3081.53418,
                "50": 4792.776855,
                "75": 5424.536133,
                "100": 5781.097656,
                "200": 6551.569824,
                "250": 6935.884766,
                "500": 8799.605469,
                "750": 9916.210938,
                "1000": 11576.884766
            },
            "Ihorombe": {
                "2": 0.0,
                "5": 266.858002,
                "10": 1117.312012,
                "15": 2385.924561,
                "20": 3199.794922,
                "50": 5843.437988,
                "75": 6548.394531,
                "100": 6888.4375,
                "200": 7788.766602,
                "250": 7993.260254,
                "500": 8724.022461,
                "750": 9426.470703,
                "1000": 9911.194336
            },
            "Itasy": {
                "2": 0.0,
                "5": 7.482,
                "10": 364.124054,
                "15": 1050.804688,
                "20": 1593.667358,
                "50": 2284.503662,
                "75": 2536.396729,
                "100": 2643.638184,
                "200": 3045.173096,
                "250": 3097.547607,
                "500": 3369.389648,
                "750": 3548.460693,
                "1000": 3601.331299
            },
            "Melaky": {
                "2": 0.0,
                "5": 361.629883,
                "10": 2137.359863,
                "15": 3050.165283,
                "20": 3696.111084,
                "50": 4850.833496,
                "75": 5376.205566,
                "100": 5753.665039,
                "200": 6599.109863,
                "250": 6841.026367,
                "500": 7833.635742,
                "750": 8346.913086,
                "1000": 8634.212891
            },
            "Menabe": {
                "2": 0.0,
                "5": 1705.899292,
                "10": 8933.511719,
                "15": 14181.754883,
                "20": 15949.181641,
                "50": 25872.835938,
                "75": 29516.460938,
                "100": 31050.427734,
                "200": 34035.773438,
                "250": 34941.148438,
                "500": 35811.515625,
                "750": 36993.238281,
                "1000": 38477.695312
            },
            "Sava": {
                "2": 0.0,
                "5": 7604.205078,
                "10": 24368.376953,
                "15": 37193.054688,
                "20": 45233.574219,
                "50": 73593.953125,
                "75": 97579.453125,
                "100": 108988.742188,
                "200": 137341.40625,
                "250": 144923.046875,
                "500": 178403.71875,
                "750": 210570.328125,
                "1000": 221011.21875
            },
            "Sofia": {
                "2": 319.232025,
                "5": 5516.723145,
                "10": 13916.614258,
                "15": 22032.314453,
                "20": 30537.044922,
                "50": 64560.214844,
                "75": 76689.945312,
                "100": 84775.40625,
                "200": 100386.460938,
                "250": 103296.546875,
                "500": 112562.5625,
                "750": 116710.140625,
                "1000": 119073.75
            },
            "Vakinankaratra": {
                "2": 0.0,
                "5": 271.8461,
                "10": 1481.437866,
                "15": 3188.2146,
                "20": 4173.322754,
                "50": 8118.84668,
                "75": 9988.258789,
                "100": 10957.50293,
                "200": 12847.887695,
                "250": 13243.982422,
                "500": 14625.44043,
                "750": 15265.797852,
                "1000": 15609.693359
            },
            "Vatovavy Fitovinany": {
                "2": 0.0,
                "5": 4429.338867,
                "10": 16964.371094,
                "15": 24151.341797,
                "20": 29544.3125,
                "50": 49564.121094,
                "75": 59156.753906,
                "100": 66720.539062,
                "200": 83299.867188,
                "250": 86633.6875,
                "500": 102192.890625,
                "750": 106578.867188,
                "1000": 114379.546875
            }
        }
    }
}