{
    "thresh_0": {
        "adm0": {
            "2": 29963.464844,
            "5": 115005.125,
            "10": 191026.21875,
            "15": 230668.125,
            "20": 251414.09375,
            "50": 309863.46875,
            "75": 329150.75,
            "100": 340604.53125,
            "200": 371634.0625,
            "250": 383284.28125,
            "500": 421056.8125,
            "750": 445755.0,
            "1000": 471407.75
        },
        "adm1": {
            "Area under National Administration": {
                "2": 33.075001,
                "5": 605.669495,
                "10": 1338.434814,
                "15": 2784.177734,
                "20": 3050.044678,
                "50": 3435.39209,
                "75": 3534.617432,
                "100": 3821.267334,
                "200": 4414.412598,
                "250": 4575.378906,
                "500": 5269.956055,
                "750": 5757.471191,
                "1000": 6092.414062
            },
            "Central Region": {
                "2": 2329.272705,
                "5": 23064.972656,
                "10": 39474.472656,
                "15": 48833.890625,
                "20": 55952.621094,
                "50": 75462.953125,
                "75": 80017.875,
                "100": 83390.351562,
                "200": 93587.507812,
                "250": 101829.695312,
                "500": 122619.0,
                "750": 129332.632812,
                "1000": 133220.0
            },
            "Northern Region": {
                "2": 1246.559448,
                "5": 13082.652344,
                "10": 26152.582031,
                "15": 32389.431641,
                "20": 36609.644531,
                "50": 43910.085938,
                "75": 46222.839844,
                "100": 48093.546875,
                "200": 55129.925781,
                "250": 55933.65625,
                "500": 59538.28125,
                "750": 60335.613281,
                "1000": 62240.507812
            },
            "Southern Region": {
                "2": 4975.248047,
                "5": 79167.804688,
                "10": 163163.796875,
                "15": 194843.640625,
                "20": 213485.078125,
                "50": 266282.28125,
                "75": 282714.625,
                "100": 293162.65625,
                "200": 318390.65625,
                "250": 328084.09375,
                "500": 348360.78125,
                "750": 363526.59375,
                "1000": 372244.9375
            }
        }
    },
    "thresh_1": {
        "adm0": {
            "2": 6469.749023,
            "5": 49561.0,
            "10": 93191.296875,
            "15": 115607.375,
            "20": 130995.289062,
            "50": 168964.515625,
            "75": 184954.71875,
            "100": 191710.640625,
            "200": 214618.875,
            "250": 219464.671875,
            "500": 243019.171875,
            "750": 253071.96875,
            "1000": 257551.71875
        },
        "adm1": {
            "Area under National Administration": {
                "2": 0.0,
                "5": 438.236328,
                "10": 784.979919,
                "15": 1485.744507,
                "20": 2090.338379,
                "50": 2661.433594,
                "75": 2845.166992,
                "100": 3003.210693,
                "200": 3622.813965,
                "250": 3805.82959,
                "500": 4233.595703,
                "750": 4363.584473,
                "1000": 4641.521973
            },
            "Central Region": {
                "2": 154.702805,
                "5": 8308.982422,
                "10": 18186.966797,
                "15": 24524.554688,
                "20": 28787.841797,
                "50": 39997.386719,
                "75": 45179.363281,
                "100": 48250.0,
                "200": 54150.976562,
                "250": 56167.890625,
                "500": 63253.726562,
                "750": 66606.3125,
                "1000": 68344.859375
            },
            "Northern Region": {
                "2": 72.764992,
                "5": 4392.354492,
                "10": 13232.272461,
                "15": 17192.609375,
                "20": 19689.845703,
                "50": 24216.296875,
                "75": 25678.533203,
                "100": 26539.277344,
                "200": 28947.720703,
                "250": 29895.941406,
                "500": 31668.167969,
                "750": 34287.882812,
                "1000": 35280.261719
            },
            "Southern Region": {
                "2": 132.300003,
                "5": 26106.464844,
                "10": 77685.039062,
                "15": 103009.9375,
                "20": 114302.6875,
                "50": 148928.4375,
                "75": 161291.4375,
                "100": 168455.890625,
                "200": 184430.703125,
                "250": 188207.0,
                "500": 199478.3125,
                "750": 210952.078125,
                "1000": 217258.296875
            }
        }
    },
    "thresh_2": {
        "adm0": {
            "2": 1860.16626,
            "5": 21639.960938,
            "10": 43718.125,
            "15": 55711.988281,
            "20": 62615.988281,
            "50": 84010.5,
            "75": 92133.007812,
            "100": 96446.554688,
            "200": 106377.507812,
            "250": 109282.34375,
            "500": 115985.984375,
            "750": 122395.023438,
            "1000": 125880.796875
        },
        "adm1": {
            "Area under National Administration": {
                "2": 0.0,
                "5": 216.090057,
                "10": 427.769958,
                "15": 607.854492,
                "20": 835.695129,
                "50": 1536.883911,
                "75": 1800.744141,
                "100": 2072.699219,
                "200": 2546.773682,
                "250": 2652.614014,
                "500": 3249.081299,
                "750": 3352.37207,
                "1000": 3403.431641
            },
            "Central Region": {
                "2": 6.615,
                "5": 3243.731689,
                "10": 8356.314453,
                "15": 11954.989258,
                "20": 14121.957031,
                "50": 19561.451172,
                "75": 22286.400391,
                "100": 24313.380859,
                "200": 28216.703125,
                "250": 28869.117188,
                "500": 31681.865234,
                "750": 34064.730469,
                "1000": 35445.832031
            },
            "Northern Region": {
                "2": 6.615,
                "5": 1459.856567,
                "10": 6352.444336,
                "15": 8530.769531,
                "20": 9880.601562,
                "50": 12267.835938,
                "75": 12858.063477,
                "100": 13346.804688,
                "200": 14560.257812,
                "250": 14997.327148,
                "500": 16011.488281,
                "750": 16644.644531,
                "1000": 17922.65625
            },
            "Southern Region": {
                "2": 0.0,
                "5": 9678.396484,
                "10": 37510.269531,
                "15": 49263.722656,
                "20": 55587.773438,
                "50": 73148.742188,
                "75": 79742.820312,
                "100": 83151.953125,
                "200": 90710.179688,
                "250": 92984.710938,
                "500": 98466.578125,
                "750": 101881.046875,
                "1000": 107553.710938
            }
        }
    }
}